worker_id,location_type,industry_sector,age,experience_years,average_daily_work_hours,break_frequency_per_day,task_completion_rate,late_task_ratio,calendar_scheduled_usage,focus_time_minutes,tool_usage_frequency,automated_task_count,AI_assisted_planning,real_time_feedback_score,productivity_label,productivity_score
0,2,2,23,26,7.45,1,66.37702373306908,0.2546236928049055,55.496925789976096,106.0,19,13,0,80,1,32.31
1,0,2,27,27,9.82,3,88.22650112294296,0.1733824373032136,66.49675537791981,141.0,5,1,1,83,2,41.09
2,2,4,30,8,7.38,2,67.0041702415159,0.3518351263345311,41.36706446795942,92.0,4,4,0,81,1,25.69
3,2,1,54,19,8.37,1,66.00442403890295,0.3478396008915655,51.0868047095759,94.0,17,9,1,84,1,31.98
4,0,0,46,1,7.51,4,91.46894163912933,0.0855822907123903,93.61834425234504,202.0,14,8,0,64,0,48.19
5,0,1,34,29,7.98,5,78.68862823971388,0.1056730204828053,62.337990348216174,160.0,5,11,0,81,2,36.08
6,2,1,30,14,7.85,5,96.70540506506092,0.031835202213601,87.62459905549753,210.0,18,2,0,55,0,49.91
7,1,2,34,20,6.99,3,70.0724395473796,0.3781852996048961,37.45161668574563,94.0,0,7,0,94,1,24.77
8,2,1,52,13,8.81,1,78.34912499132201,0.1622820635026496,71.68673446002978,137.0,0,3,1,70,2,38.28
9,2,3,32,8,8.36,4,81.04111367786699,0.1344877556292449,69.80297169198305,121.0,12,5,1,82,2,41.38
10,2,2,25,20,8.73,1,99.40537301102948,0.0905943967926264,91.33612210020932,211.0,2,9,1,81,0,49.67
11,2,3,55,33,7.88,5,73.34532050293726,0.3311479353292125,50.742745392768086,113.0,9,5,1,68,1,32.69
12,0,0,59,26,6.41,1,81.32294593726373,0.2285094919758846,77.93780093267692,163.0,2,2,0,82,2,38.17
13,2,2,25,21,9.55,4,82.84972273925952,0.1142584805248846,63.80891190756082,169.0,8,13,0,77,2,38.14
14,1,0,59,9,7.18,3,71.39062016373006,0.2553649364522403,45.318571624087554,106.0,7,4,1,80,1,31.37
15,0,2,40,24,7.94,2,81.37925150174328,0.1908548860689813,73.14541425505604,136.0,2,11,1,70,2,39.59
16,1,4,27,17,8.26,1,66.59517221277495,0.3116723398510208,36.860469831121904,72.0,12,2,0,83,1,26.66
17,1,1,55,24,7.93,2,90.67240634052035,0.0464689468445165,96.4147168163146,230.0,5,10,0,64,0,47.12
18,1,4,39,21,8.6,5,72.1299836405826,0.2549984799159263,56.47083417620924,100.0,12,14,1,63,1,34.82
19,1,0,34,13,8.79,3,79.24507365406028,0.2046985707246688,75.01493817489218,159.0,19,10,1,68,2,42.6
20,0,1,44,11,7.23,3,82.17220505281654,0.1202861786869752,70.84883985519359,174.0,19,14,1,92,2,43.49
21,0,2,40,19,9.45,1,63.238881984802106,0.2704556657544187,35.70396818870518,117.0,11,0,0,64,1,25.66
22,1,1,32,11,7.18,3,79.05832951347404,0.1021772641791413,70.92194171933762,176.0,12,6,1,55,2,41.35
23,1,3,22,13,7.9,1,79.42925570342756,0.2459717067140363,63.68062396474966,137.0,1,3,1,58,2,36.36
24,0,1,45,1,7.03,1,88.78218735016716,0.1446631230508366,71.3943838547539,162.0,15,13,1,86,2,44.53
25,0,3,28,19,6.69,2,85.48820952447144,0.1493161431238886,71.60634158682015,134.0,5,6,1,69,2,41.53
26,0,1,46,12,8.75,3,82.6103380487581,0.1980666884434234,67.35395022676285,123.0,18,2,1,83,2,41.92
27,2,3,42,8,11.25,1,80.44085206558374,0.1623984411962862,74.1867483309461,145.0,12,11,0,87,2,39.81
28,2,0,36,8,7.07,2,82.69471221548449,0.2331726460503728,61.98855204425003,173.0,16,14,1,75,2,40.15
29,2,4,22,12,8.96,4,70.24622554287808,0.3075686883860271,57.40404484556221,96.0,8,14,0,67,1,31.12
30,1,2,33,33,7.11,2,80.60217382011558,0.1225743247108878,69.56783141366755,174.0,16,10,1,77,2,42.14
31,2,1,28,26,7.49,2,61.05282840267923,0.3561675967543724,44.00734381090298,98.0,1,4,1,58,1,25.8
32,1,4,36,28,9.61,1,69.88481360493243,0.3235681612779677,37.47317379748621,111.0,18,4,1,81,1,30.87
33,1,2,42,5,6.21,5,80.71147643088017,0.1486831164596389,74.85205485756155,142.0,18,14,0,55,2,41.36
34,2,2,40,8,5.89,5,71.24386324510745,0.2566218343131183,58.77067342383578,83.0,6,12,0,63,1,31.8
35,1,3,50,25,7.4,5,79.09224265176772,0.2216630869300387,61.66393589490732,135.0,9,1,0,77,2,35.7
36,2,0,46,27,8.3,2,87.32910808450409,0.161936678438382,70.21238131979146,120.0,9,10,1,73,2,42.47
37,2,0,54,23,8.06,1,69.51616114402461,0.3413543417060374,52.30042566163026,85.0,19,9,1,62,1,33.74
38,0,4,53,30,7.93,3,91.21264893359135,0.0113761958804549,88.21921216071806,212.0,8,11,0,92,0,46.58
39,2,0,56,23,7.54,2,81.10742227710044,0.2457926267889708,60.713494081140865,174.0,16,1,0,61,2,37.29
40,0,1,59,20,8.44,2,99.40397033945544,0.0260666382562101,97.06692995217448,206.0,14,3,1,68,0,53.86
41,2,0,47,18,4.0,1,96.2854403087886,0.0095040240651619,81.89907294836662,215.0,1,14,0,70,0,45.46
42,2,4,32,18,6.6,4,70.7695078293822,0.3395084485159326,39.77885901989963,65.0,3,3,1,76,1,28.42
43,0,0,56,2,7.39,2,94.45106663717992,0.0113135937674023,87.02757933516217,185.0,18,3,0,68,0,49.3
44,0,1,29,4,8.35,4,87.44379516433945,0.1072486613283095,70.70186103268799,173.0,16,5,0,73,2,42.57
45,2,3,35,30,9.29,4,72.61762890915189,0.2745880393070417,41.06085548719058,103.0,4,1,0,75,1,28.09
46,1,4,31,33,6.44,5,99.68816441483376,0.0991892857319641,95.79523547469267,198.0,6,5,1,94,0,51.36
47,0,3,23,18,9.25,1,92.78871926260965,0.095021120586543,81.2652534364135,194.0,17,6,1,77,0,48.62
48,1,3,30,19,6.96,4,69.70616455972089,0.3677085122769037,53.96715592119442,75.0,6,10,0,95,1,29.26
49,1,3,24,28,7.34,1,96.69348350762796,0.0831573925910452,83.00621244967938,237.0,16,9,1,67,0,50.08
50,1,2,42,20,8.2,5,85.68630661297095,0.1879689268562196,64.96365751661807,158.0,6,2,1,93,2,40.08
51,0,2,47,33,7.26,1,66.55845731921922,0.3397459113544028,30.898147499252794,88.0,3,10,1,85,1,25.39
52,1,3,29,12,8.83,2,96.88330762332676,0.0604130628856535,98.71631248222292,216.0,7,11,1,91,0,51.69
53,0,4,23,15,7.01,4,99.8265241149357,0.0637047553503627,83.23275387569184,238.0,12,7,0,78,0,48.46
54,1,1,27,2,7.03,1,75.50249851664505,0.2372286708881139,66.68831506753568,128.0,3,1,1,66,2,36.27
55,2,1,49,29,8.76,3,85.60456671012344,0.2097557909084727,73.47443337209369,124.0,5,10,1,53,2,41.33
56,2,0,50,10,6.58,1,62.95409368390536,0.3532439497640882,36.37195975320151,79.0,4,7,0,93,1,23.46
57,0,4,47,2,7.8,4,66.75934130659718,0.2984606602608627,54.33016180354797,113.0,11,12,1,94,1,32.16
58,2,2,46,11,5.51,5,96.59763640453085,0.0136982222309527,93.7373298746982,200.0,3,10,1,78,0,50.27
59,2,3,33,13,9.68,5,78.83616492539767,0.1472261733113103,62.219278046945085,153.0,8,4,1,53,2,38.29
60,1,0,26,10,8.95,4,83.78355177442185,0.1389325649909624,65.55542945310707,169.0,3,1,0,59,2,37.53
61,0,1,55,14,10.8,2,91.04480316753958,0.0720267923947395,93.74566008826255,208.0,18,6,0,74,0,49.03
62,1,2,58,18,9.11,2,88.87479112234722,0.1152928824370416,67.6882555403619,171.0,13,13,1,80,2,43.72
63,1,2,36,9,6.14,5,85.5915401689343,0.1386048187602451,73.17668690388008,146.0,4,1,1,52,2,41.79
64,1,3,57,28,8.3,5,75.79076793604875,0.2009282556714536,76.01770199162635,155.0,17,13,0,96,2,39.4
65,1,1,36,3,6.4,4,63.09732947729357,0.3515610568987672,52.394968000905024,61.0,9,5,0,51,1,27.72
66,1,4,44,20,9.39,2,86.24568760877979,0.1408003860596484,73.73592506339949,161.0,18,9,0,74,2,42.88
67,1,2,27,6,6.18,5,94.9786918051432,0.0841808709028819,96.02704116540497,208.0,11,2,1,98,0,51.14
68,1,3,42,27,6.12,2,94.5442231915954,0.074514480982782,84.27134600672385,199.0,17,8,1,55,0,49.96
69,0,4,44,2,5.57,5,92.27632535819392,0.0524436345857749,96.12193495921495,223.0,16,2,0,75,0,49.68
70,2,1,37,29,6.91,1,96.42209637002698,0.0245631574048814,82.1855889073632,200.0,10,10,1,57,0,49.2
71,1,2,36,3,6.67,3,90.98968623408707,0.0271381395079584,97.1021884399488,189.0,2,14,1,84,0,48.92
72,1,4,46,16,5.99,1,82.4686986626881,0.1079134922248136,68.68183814806673,177.0,16,11,1,76,2,42.67
73,1,4,57,30,9.89,5,90.4097822224989,0.0705063284205379,89.01973005296688,216.0,0,11,1,74,0,46.31
74,1,4,32,2,8.14,3,84.9053194656926,0.1046762363667881,76.5337371193526,178.0,14,2,1,67,2,44.61
75,1,2,36,17,7.99,3,66.14658084349607,0.2669195378299865,50.47059089576992,71.0,8,4,1,50,1,30.9
76,1,2,25,12,9.41,5,69.13478619768621,0.3660701122853551,40.392513534077025,67.0,14,6,1,97,1,29.99
77,2,0,42,1,7.81,5,63.282776094964376,0.3220972042468613,46.00303327249088,82.0,2,13,0,88,1,25.4
78,2,1,34,15,6.6,2,91.22628049978006,0.0433463699733123,87.93455200936772,200.0,18,7,0,52,0,48.2
79,1,3,43,26,5.46,5,73.51914444672977,0.2522284183761256,43.952645062688525,108.0,12,11,0,53,1,30.77
80,2,4,40,21,6.53,4,71.48387603676116,0.2813982724070525,36.985463847459,70.0,11,10,0,90,1,28.26
81,0,0,55,31,9.31,5,80.80785590422232,0.2099085123119959,73.03164922664283,142.0,19,6,0,86,2,40.61
82,1,3,35,25,5.99,4,92.82498726620965,0.0555159729790154,94.60832530039472,189.0,0,8,0,64,0,46.29
83,0,0,25,23,7.92,5,65.17632935221764,0.3229086312854021,39.099682155866134,76.0,16,4,0,57,1,27.38
84,0,2,48,24,8.74,2,97.77680376274893,0.0738801383268189,97.85929183409657,215.0,12,9,0,87,0,50.66
85,1,4,50,28,7.84,4,69.25018350352812,0.3925909557369809,51.16067399577,69.0,0,10,0,99,1,27.11
86,2,3,49,21,7.98,1,63.21583241506988,0.2859563617363667,40.80554800373531,111.0,9,14,1,68,1,28.11
87,0,3,56,18,8.29,4,95.85863050527922,0.0976078332472518,90.64608727696331,208.0,14,2,1,96,0,50.8
88,1,3,29,9,7.96,2,87.78822577865826,0.1613838220287693,74.21644061337668,120.0,6,5,0,75,2,40.82
89,0,3,37,30,9.43,4,92.47564508141784,0.0807345621200368,95.25985872579388,204.0,17,4,1,88,0,51.47
90,0,3,57,34,6.25,5,60.663818905961186,0.3701757254942987,47.52704085340143,110.0,15,11,1,59,1,29.05
91,0,0,51,32,7.79,5,94.27914690187784,0.0197473583685683,92.53317278182682,229.0,13,3,0,87,0,49.29
92,0,4,39,3,5.32,2,81.99465776798267,0.1457821795193288,78.50110905873137,136.0,17,11,0,63,2,42.3
93,2,2,23,3,5.01,3,81.75819742467496,0.1496524389242342,74.0657581380826,128.0,6,1,0,98,2,39.1
94,0,2,34,28,7.4,5,92.42183445593768,0.0171709988973688,90.5966777792414,197.0,16,6,1,90,0,50.96
95,0,2,25,15,8.15,1,73.85076892975474,0.3518737518615335,58.56355917448768,63.0,17,12,1,68,1,35.78
96,0,2,47,23,9.46,2,78.96615139196783,0.1000364401651769,62.41178509580935,145.0,11,4,0,79,2,37.43
97,2,0,46,11,10.4,4,86.74443058776085,0.1048484897989135,69.88347577891548,131.0,7,3,1,54,2,42.41
98,0,1,51,32,9.08,4,96.08571593173974,0.0970904711449869,87.47211319068118,201.0,1,11,1,80,0,47.63
99,0,4,32,33,8.37,1,60.88950011393486,0.3094371020224609,57.95071217445724,81.0,6,13,1,56,1,30.0
100,2,3,28,24,7.69,5,65.65807804487879,0.381305689499085,42.04930850418152,110.0,3,7,0,68,1,24.94
101,2,1,52,34,5.66,2,90.36207261487384,0.0551141336194733,94.1736167702381,185.0,17,8,1,80,0,50.87
102,2,2,31,28,7.32,1,64.25213392284556,0.3881604229449372,39.307127711263774,84.0,5,8,1,88,1,26.29
103,0,1,34,7,9.05,5,63.38243446856056,0.3508300995347668,35.706004552478014,118.0,8,2,1,73,1,26.3
104,2,4,52,4,8.58,2,88.20228993504031,0.2192609321771746,63.44375485547949,129.0,8,2,1,83,2,40.61
105,2,3,28,1,5.96,4,72.1790138735579,0.2689292636539355,49.658952636386545,118.0,13,4,1,72,1,33.55
106,0,3,57,1,8.24,2,73.47898731173025,0.2689983809270791,42.19827686948577,100.0,7,4,1,97,1,31.24
107,2,4,41,20,8.13,3,73.12838316908751,0.2636877488678572,30.565576780705086,90.0,18,9,1,94,1,31.05
108,0,4,25,19,7.92,2,96.85538620562625,0.0436214417120045,83.89587605287853,183.0,2,1,0,89,0,45.88
109,1,2,28,29,7.47,3,84.11212953355798,0.1298337554407026,64.56593389563682,174.0,17,0,0,55,2,40.32
110,2,3,22,10,8.3,2,68.93329816115033,0.2932228203666104,36.84422997938765,110.0,4,7,1,87,1,27.96
111,1,1,34,18,8.34,3,91.3411962270979,0.005640135776079,97.36594036322656,236.0,13,2,0,90,0,49.52
112,0,0,43,28,6.73,4,75.02536847416953,0.1335727129084643,66.46838052188895,131.0,3,0,1,85,2,37.12
113,2,0,42,31,8.05,5,91.49268012669248,0.0240996257995917,98.7225114308027,237.0,6,0,1,76,0,50.25
114,0,4,43,27,7.27,3,79.62430762579629,0.1029588619694763,62.56847802925717,169.0,19,10,1,60,2,41.24
115,1,2,49,11,5.72,3,64.69011997940774,0.2810923783824603,40.95610789337293,75.0,11,14,0,54,1,27.02
116,0,0,30,5,6.83,4,97.57734944502292,0.0582400964867939,93.77999969977137,195.0,1,1,1,66,0,49.73
117,2,3,47,8,5.62,3,75.92249031044761,0.1286933735044771,67.74070016061563,137.0,10,5,1,56,2,39.1
118,2,4,30,34,8.68,1,91.10920230874808,0.0406249095976904,95.42076740489708,196.0,13,5,0,76,0,48.69
119,1,1,36,12,7.93,4,91.27033575973232,0.005853660008005,86.10826997085502,189.0,15,13,0,96,0,47.62
120,0,4,31,1,7.07,1,86.35159358707179,0.2471479454198024,77.60440783426853,148.0,19,2,1,64,2,44.82
121,2,1,45,31,9.2,4,82.80934176029608,0.1569192070890197,69.62444999826239,167.0,5,11,0,95,2,38.27
122,1,4,29,4,7.58,3,84.64103073170146,0.2467981122006947,73.80548430930551,177.0,3,3,0,62,2,38.36
123,2,4,45,5,5.78,1,98.04304712955516,0.0163114675116678,84.98407541182574,194.0,14,11,1,60,0,51.13
124,2,4,37,30,6.97,3,79.89853649106358,0.1826976085994221,66.83131974588007,178.0,0,12,1,94,2,37.58
125,0,1,47,24,9.46,4,97.61458833436158,0.0423386749067461,80.09008961960578,203.0,6,1,1,75,0,48.16
126,2,1,48,3,6.7,3,66.32616662513189,0.3695421256023469,47.12235699012885,91.0,11,1,0,71,1,27.86
127,0,4,58,11,7.83,1,67.6723009612079,0.355410744893438,52.98839876764179,63.0,9,14,0,77,1,29.17
128,2,0,25,4,8.39,1,60.68813680214595,0.2507971253732293,39.51402085008407,115.0,4,6,0,73,1,24.45
129,1,2,45,26,8.21,3,75.34197636116886,0.1617621501385364,66.3260546922851,124.0,11,12,1,78,2,38.5
130,2,2,40,27,10.44,2,65.03879650701509,0.3501709329979925,31.17728357376883,94.0,17,0,0,58,1,25.68
131,0,2,57,27,6.09,4,71.16923321092051,0.3882186604324795,58.37667304104801,77.0,9,6,0,91,1,30.98
132,0,1,31,6,6.21,4,62.859340687978104,0.287080767839595,58.88657309067085,107.0,5,13,1,53,1,30.81
133,1,1,46,15,6.11,3,78.52540582812784,0.2471544233672614,71.6604514213312,172.0,11,11,1,98,2,39.69
134,2,0,39,30,7.14,2,76.19839373951875,0.1275186827138297,74.40966978764986,167.0,6,13,1,95,2,39.74
135,2,2,40,23,8.82,1,60.48635926422694,0.2979819365001645,47.303078867915616,71.0,17,11,0,67,1,28.06
136,1,2,57,6,6.26,5,93.65093920231806,0.0611494852719199,93.92062813978228,233.0,1,13,1,92,0,48.56
137,2,4,31,4,8.84,5,98.15487765580136,0.0494754240435703,82.67521390154005,208.0,9,0,0,65,0,47.37
138,2,1,54,18,7.54,3,82.28917495227756,0.2113301513681698,69.68497469007481,150.0,14,13,0,82,2,39.37
139,0,2,26,9,6.17,2,61.97553507665709,0.341319694027059,35.1995908225414,83.0,11,5,1,78,1,26.45
140,2,0,56,29,5.4,2,73.66428220534291,0.3810333364340633,39.55196394399231,109.0,16,2,1,88,1,31.44
141,2,0,55,13,5.67,4,71.15587447480972,0.2691352227046426,56.19573269427402,101.0,3,7,1,59,1,32.54
142,1,2,54,17,6.7,1,61.04314646546096,0.326558908202306,58.11374189460047,109.0,6,5,1,58,1,29.92
143,1,1,42,32,7.3,2,97.84536518684897,0.0093297855476743,90.41748073269773,239.0,8,10,1,80,0,51.04
144,0,0,38,22,9.12,5,71.78015663938743,0.3426541879282886,48.68827191926468,61.0,18,1,0,77,1,31.47
145,2,4,43,4,8.46,1,77.9087888121562,0.1030420472341871,69.10890017391493,141.0,6,7,0,52,2,37.42
146,2,0,58,5,6.49,1,78.00796448994997,0.1060495241577269,63.82159430921717,157.0,1,4,0,63,2,35.37
147,2,3,36,13,7.99,3,88.90415745026225,0.2137453925815777,75.07901587085604,142.0,5,7,1,74,2,42.61
148,0,3,56,34,9.48,2,94.76753875508328,0.0270674605965289,80.58341337148148,197.0,17,7,0,64,0,47.76
149,0,1,49,22,9.75,3,73.24098504737339,0.3894787750750841,41.06104496971734,84.0,5,5,1,51,1,29.32
150,1,2,28,23,7.12,2,70.45440630917423,0.3786648322558663,44.35450104666137,98.0,12,1,1,73,1,30.66
151,0,1,53,3,8.65,4,62.585117442511766,0.3011641474881102,45.7626497506772,96.0,18,7,0,63,1,28.56
152,2,1,32,34,9.17,3,75.91001104528443,0.2237962603634473,62.39287217990251,163.0,1,14,0,97,2,33.28
153,2,1,31,32,5.69,3,82.82071271612665,0.2355426804698066,62.1089014645144,125.0,11,14,1,56,2,39.16
154,0,1,30,21,6.89,5,81.00130754145279,0.1190069102851358,70.75962673075766,123.0,14,10,0,85,2,40.11
155,2,4,35,21,10.16,3,88.17352102979912,0.1729558151237721,68.78976616674086,176.0,13,5,1,99,2,43.15
156,2,4,34,11,7.14,2,95.75785210889411,0.0163624000210233,82.49839621481267,195.0,5,5,0,73,0,46.14
157,0,0,46,4,3.99,5,94.6775823095758,0.0968072502909678,95.0597238607837,226.0,17,7,0,76,0,49.94
158,0,3,23,1,7.35,3,70.23709553822545,0.3807977644367435,32.84367760831127,112.0,4,0,0,86,1,24.68
159,2,1,56,28,8.85,3,71.62045757079305,0.2573910480374157,54.72072768361432,76.0,17,1,0,87,1,33.29
160,2,0,28,24,7.51,4,77.76239558806483,0.147588282467455,65.35666148327965,172.0,2,11,0,79,2,35.4
161,2,3,42,13,8.36,3,94.70473319677156,0.052780736355883,99.99415275643662,203.0,2,11,1,76,0,50.37
162,1,2,39,34,8.63,1,76.85645587045535,0.135009440418719,68.61404150647898,140.0,9,8,0,88,2,37.29
163,1,4,24,11,7.07,5,84.8547879657935,0.1976204035215069,78.38938467210104,136.0,18,10,0,64,2,42.81
164,1,3,32,17,6.88,1,68.6568482986364,0.2669649609135733,34.53361171339232,111.0,2,11,0,75,1,25.28
165,0,2,45,18,7.68,5,69.64941627946833,0.3411564712340507,45.605974963615665,109.0,11,7,1,50,1,30.85
166,1,3,40,22,7.71,4,80.4338631340315,0.1256140425175578,64.30990494418441,154.0,15,11,1,53,2,40.8
167,0,4,25,24,7.56,3,62.24844405001509,0.3011028135362202,39.395398966592886,83.0,16,6,1,78,1,28.78
168,0,4,47,19,7.61,3,84.28068753282392,0.227880811128395,64.9008506289511,147.0,6,6,1,50,2,39.25
169,1,0,59,21,6.6,3,96.70826680775936,0.0703093903759432,85.82968273685073,223.0,12,4,1,92,0,49.97
170,1,1,53,8,8.4,5,61.262739802803424,0.3409022503719164,32.59932142583392,78.0,1,1,0,99,1,21.72
171,1,3,57,28,8.22,3,85.44756083204804,0.1263400209562776,61.22618179304885,155.0,3,10,0,95,2,37.28
172,2,3,58,5,5.9,1,83.25620650507052,0.1674869171628258,76.30909421546019,124.0,9,5,0,71,2,40.42
173,1,2,54,17,7.03,3,94.9903617290408,0.0931535049155262,91.66665819977035,205.0,6,9,1,60,0,49.18
174,2,4,57,19,7.61,4,79.9891329285708,0.2248748051478949,76.16479131632055,156.0,16,2,1,59,2,42.25
175,0,3,24,27,6.86,1,63.38108717598486,0.3264584757405347,41.01883861553282,60.0,19,3,0,66,1,27.78
176,2,4,30,34,8.26,3,64.81705690718498,0.3995697841237549,52.39991898919124,86.0,5,12,1,85,1,28.97
177,1,3,29,11,7.42,3,91.3351555135282,0.0047957732436987,95.5081902918499,222.0,18,9,1,96,0,52.15
178,0,0,54,12,7.7,2,85.64986728461453,0.1224794198329827,70.86474665247113,133.0,4,11,1,75,2,41.5
179,0,1,27,21,7.02,5,68.82556823784758,0.3861809015402861,42.15354485645801,117.0,9,10,0,97,1,27.07
180,0,3,25,11,5.11,1,79.32975356099574,0.1175318140886408,78.73131036780781,151.0,8,1,0,70,2,40.03
181,2,4,34,28,5.04,2,98.71507213490636,0.0030379579954462,94.25507509525168,232.0,12,13,1,62,0,52.93
182,1,0,23,5,8.21,4,90.64043523864788,0.0862434130141157,99.22999358474294,193.0,18,1,1,58,0,51.86
183,0,3,26,17,7.82,5,91.9183611460101,0.0333814911709237,94.55412740121936,199.0,5,11,1,60,0,49.24
184,0,2,48,20,8.03,1,94.13926058052589,0.0270058466101555,84.13674221233217,220.0,3,7,1,60,0,47.49
185,0,1,53,12,7.66,3,82.60096944739698,0.1390094122063286,71.16611242363656,152.0,2,7,0,55,2,38.09
186,2,3,42,6,7.76,1,67.91101196251371,0.3788008082394244,33.40680106741829,75.0,2,9,1,50,1,25.7
187,2,0,29,17,8.66,3,63.89851407281484,0.3844709285888943,48.450346031411,110.0,3,5,0,55,1,25.66
188,1,2,59,19,8.03,5,66.18166204431762,0.3917477178333765,34.10672916791908,116.0,4,12,0,62,1,23.61
189,2,0,29,26,8.75,3,77.76954200377853,0.2265059981012508,63.87174464963021,148.0,7,4,0,71,2,35.3
190,0,0,24,32,7.71,4,99.621859094918,0.0901485851100749,85.40766470621313,234.0,15,7,1,80,0,51.16
191,1,2,24,6,7.14,3,96.3872618224922,0.0953320080434255,82.02177188348429,206.0,2,3,0,71,0,44.85
192,0,0,43,11,7.73,4,83.55899818337735,0.2446081195197234,61.81591450558942,163.0,11,10,0,86,2,37.25
193,0,2,27,33,6.5,5,78.94711638078462,0.166539955197728,63.250947089854634,159.0,7,3,1,96,2,38.14
194,2,3,23,24,7.04,5,85.09761071107354,0.2015659549294417,69.92888358497439,177.0,12,4,1,76,2,41.97
195,1,2,44,23,7.71,1,84.15119066967868,0.2434331760465441,60.05739655576706,132.0,3,0,1,99,2,37.48
196,2,2,23,15,7.7,4,61.545732967474166,0.3129270564006275,39.17855159861599,86.0,13,0,0,63,1,25.81
197,2,1,59,27,7.37,4,97.6576332104754,0.0091482957929647,90.27751669556469,193.0,13,1,1,96,0,51.94
198,1,2,38,11,5.83,2,99.3425329909636,0.0086424632447237,95.98476188406916,196.0,12,13,0,54,0,51.39
199,0,2,56,17,8.26,2,81.56112291794939,0.2407867359379049,63.53080905574151,171.0,5,7,0,85,2,35.84
200,0,3,55,14,8.5,2,64.66321983873868,0.3139818547915114,34.03960399280592,60.0,16,6,1,81,1,28.29
201,1,1,44,27,9.47,3,93.16104887940897,0.0424492832676535,86.18648448716446,233.0,3,14,0,83,0,45.46
202,0,4,51,18,8.03,2,99.26988474817796,0.0665120178113615,93.81707008679626,185.0,7,14,0,56,0,49.36
203,1,3,29,28,7.5,4,75.00574405214844,0.1894274004103565,77.402917075127,136.0,16,9,0,91,2,39.34
204,1,3,43,4,6.28,3,62.59736365360807,0.347751969231764,50.6654408116534,101.0,2,8,0,97,1,25.88
205,2,4,57,7,9.29,5,90.48395881945764,0.0148517424257117,88.27935396968108,200.0,16,4,1,59,0,49.94
206,1,2,26,9,7.8,1,72.92619311577901,0.318597491483923,54.53962211847683,110.0,8,1,0,99,1,31.25
207,2,0,34,8,7.73,2,94.89134031715908,0.0793843292867861,93.22720787322612,186.0,1,6,1,66,0,48.6
208,0,1,50,17,7.2,5,67.52383714039729,0.253375649114303,42.879277150086786,63.0,12,14,0,79,1,28.73
209,0,0,52,17,7.12,4,93.91675596535548,0.0621914421283878,99.37277330600551,194.0,19,7,0,70,0,51.31
210,0,4,37,33,8.33,1,60.25244813755322,0.3335571379288351,52.83311660388151,116.0,1,11,1,62,1,27.56
211,0,3,51,32,6.27,5,77.13044442634686,0.1264964544805704,65.42186633395924,172.0,19,6,0,50,2,38.83
212,2,3,37,8,9.45,1,66.59067349342644,0.3817172795478552,46.98971155056188,64.0,10,13,0,50,1,27.58
213,0,1,33,19,9.19,2,91.27576468916692,0.0859332819723751,91.89665427775007,215.0,14,6,0,96,0,47.79
214,1,3,38,3,7.08,4,82.19086737500112,0.2204568287013819,67.0993556310867,131.0,10,11,0,82,2,37.93
215,1,3,37,5,6.46,1,61.61725060149775,0.3954041867493664,57.8291584599022,102.0,2,14,0,87,1,26.54
216,1,1,33,13,5.08,5,84.07492848427978,0.1619791718204196,67.7067684148534,163.0,2,13,0,74,2,37.61
217,2,1,29,31,6.0,2,82.88218120440328,0.1534932698239078,65.47585118315074,142.0,11,4,1,75,2,40.68
218,0,4,41,16,8.38,2,71.59497861041231,0.2755795584090663,56.02515245226704,112.0,4,1,1,62,1,32.77
219,0,3,24,32,7.88,5,84.57380242903506,0.2188066886573441,65.56208942308004,172.0,19,5,1,77,2,42.17
220,0,3,37,22,8.09,5,99.1903827702867,0.0899909543354671,88.96321746738005,220.0,6,3,0,82,0,47.94
221,2,4,51,29,5.29,1,88.33698983121207,0.1665982321513045,63.31946324892693,121.0,6,9,0,86,2,38.75
222,1,2,44,22,7.03,3,92.80709742464596,0.0999316268189712,85.36023001039194,232.0,12,1,0,90,0,46.41
223,1,2,49,3,9.14,2,91.72820051456452,0.0344505893394063,81.23086068269674,205.0,8,11,1,79,0,47.11
224,0,2,26,10,7.38,1,62.22092061309438,0.2969023997541688,33.07155499923443,90.0,12,8,0,98,1,24.75
225,1,4,41,21,5.97,5,94.63547839258922,0.0470324047937206,97.47150611519469,220.0,11,6,1,97,0,51.71
226,1,3,22,16,7.37,1,86.16559470581323,0.1806879289493864,65.88395720794608,147.0,12,5,0,57,2,39.68
227,2,4,51,12,6.57,5,90.09538954025544,0.0402890031050048,98.14486334554158,238.0,9,11,0,98,0,48.15
228,2,4,42,2,7.9,4,60.121367257831835,0.3891275523561737,31.92241543594996,76.0,0,4,0,96,1,20.56
229,2,2,41,24,7.52,5,82.2872874709812,0.1983074799195179,67.94889773014707,150.0,7,2,1,50,2,39.76
230,2,0,27,30,8.15,5,97.5280899451101,0.0823268653114772,97.5879398661177,204.0,15,11,0,61,0,51.04
231,0,3,43,30,6.04,5,65.71228127799114,0.3531197206074592,37.246156492479955,116.0,12,14,1,54,1,28.08
232,2,2,39,19,6.96,3,77.16742056820429,0.1554464676433782,66.25680094442738,172.0,2,14,0,73,2,35.32
233,1,0,29,8,8.81,5,88.9042923450687,0.1159138074921928,64.42801057171232,127.0,2,9,0,55,2,38.85
234,0,0,53,26,5.87,2,73.73583673996171,0.3638542072076804,44.832950356863115,105.0,4,9,1,74,1,30.29
235,1,1,54,7,6.3,2,91.61100023256422,0.0996012783382248,83.59999233221373,236.0,10,3,0,50,0,45.31
236,1,3,37,30,7.74,1,73.80494472293442,0.3454643115629274,54.189235914723426,91.0,6,2,0,74,1,30.76
237,1,0,33,7,7.84,3,78.87835628417474,0.2293502374659597,65.38576183601751,138.0,9,11,0,50,2,36.3
238,2,2,59,3,6.91,1,81.54137882172373,0.1360127052904965,76.99735959366846,157.0,9,10,0,81,2,40.37
239,2,1,55,1,7.17,2,94.09249573785397,0.0289193151965869,96.17955499227418,182.0,19,7,1,91,0,53.05
240,0,3,35,25,8.14,2,73.25856389402102,0.325731222264296,55.72608886304144,85.0,1,2,1,91,1,32.1
241,0,4,57,1,8.52,4,71.58021407798672,0.3137503621184796,37.98795371392476,72.0,2,6,0,52,1,26.36
242,2,2,54,15,6.22,5,82.74886378278353,0.1744598382515626,65.81401849808019,167.0,7,6,0,98,2,37.71
243,1,0,44,13,7.94,2,76.2759227472559,0.2077905611035293,64.0609970716563,130.0,10,6,1,68,2,37.67
244,0,0,23,8,9.31,1,97.67966757809803,0.0960728088228243,89.99098324535166,213.0,12,12,0,92,0,48.83
245,2,2,42,5,7.36,1,93.71463339334473,0.044891172259279,90.74338643208056,234.0,6,6,1,78,0,49.11
246,2,0,23,9,6.2,5,93.94800768462952,0.0953324264887138,89.70263815428669,198.0,12,13,0,99,0,47.65
247,2,1,48,1,6.15,5,80.76931053485555,0.1053418225409262,69.46154974916047,127.0,1,1,1,51,2,39.32
248,1,3,30,2,7.31,4,99.61020935765214,0.0013076534174614,83.43401673100618,202.0,5,9,1,58,0,49.64
249,2,1,22,23,8.74,3,92.52223134230618,0.0810730465230412,98.94341233686788,189.0,8,2,1,66,0,50.41
250,2,0,32,9,7.45,1,95.12439768743884,0.0545902559266807,80.68522245587009,234.0,19,9,1,95,0,50.03
251,2,4,24,34,7.73,5,79.5570467337659,0.1215531437776319,73.48872839525067,147.0,1,8,0,85,2,37.61
252,2,3,44,14,6.3,1,93.98841411946972,0.0904401436516952,99.97798574092344,222.0,17,2,0,66,0,50.78
253,0,3,47,4,8.68,5,77.46672168629946,0.1909324963331149,66.40151634845816,147.0,15,1,1,98,2,39.67
254,0,2,25,30,6.13,2,94.165922277842,0.0648527026824202,86.18864941938966,218.0,11,8,1,61,0,49.13
255,2,2,39,31,6.89,1,77.63281993070706,0.1642029028659465,72.507391885097,131.0,6,12,1,69,2,39.4
256,1,4,27,11,8.26,2,90.11897832245155,0.0293155942253301,80.11848130908005,205.0,6,9,1,99,0,46.05
257,0,3,56,8,5.05,1,88.48018691602533,0.188420620463987,68.9522786281847,154.0,16,8,0,52,2,41.71
258,2,4,43,3,7.71,3,66.43294084810174,0.3024775354136282,48.19767847185122,97.0,12,3,1,92,1,30.99
259,0,2,36,14,6.25,4,92.37254363657138,0.0262633612366073,90.08842079430426,206.0,10,13,1,99,0,49.55
260,0,2,43,13,7.52,2,72.0896514434,0.3511087679130544,36.22450092422843,96.0,5,11,1,53,1,28.4
261,1,3,58,32,7.08,5,71.28358180139335,0.2934246797679579,49.25964643921717,112.0,13,8,1,66,1,32.95
262,2,1,33,34,10.03,3,70.39810096060984,0.3769841754941928,31.852124826889693,103.0,5,2,1,99,1,26.76
263,2,0,59,19,7.03,1,84.68107764139032,0.2325024551533156,69.41862319148723,136.0,5,6,1,86,2,40.02
264,1,2,39,16,9.71,2,84.55818216913437,0.2051138001159574,73.80673891590604,149.0,1,6,1,95,2,40.34
265,1,2,56,2,8.2,1,72.12018131949512,0.3586633510403972,41.71051915217747,111.0,19,14,0,91,1,30.24
266,2,1,51,17,6.54,1,92.13740262061124,0.0657318825156272,88.49358024836917,206.0,14,10,1,64,0,49.57
267,2,1,45,34,7.9,1,85.40666078991919,0.1378104830275257,68.62918193318751,127.0,16,7,1,82,2,43.22
268,1,4,51,16,7.13,4,63.94351096264335,0.3221005168457615,42.99186818539718,102.0,7,9,1,65,1,28.0
269,0,4,35,2,7.79,4,76.25756053600918,0.1886130582029597,71.38790748302705,142.0,4,14,0,60,2,36.13
270,0,0,27,2,6.64,5,92.8215558403614,0.0233251691266392,94.68147062011757,191.0,16,3,0,69,0,49.83
271,1,0,24,26,9.53,2,95.04739475380352,0.0149549318556944,82.07678772221855,182.0,19,2,0,87,0,48.66
272,0,3,37,13,8.61,3,99.3156498000792,0.0707880695236535,94.95847302622836,233.0,0,2,1,73,0,50.18
273,1,4,28,31,7.54,3,85.88213806174703,0.2248142104124672,66.8640613797138,122.0,17,14,1,65,2,42.34
274,0,2,35,34,9.57,3,92.3049483735152,0.0327566293922126,84.19785684609994,227.0,14,11,1,79,0,49.1
275,0,4,30,3,7.59,1,97.36651875224788,0.0113564540977537,96.12023420976968,210.0,4,4,0,83,0,49.21
276,2,2,36,8,8.82,4,87.58094499621545,0.1246589026492621,75.2780756751615,120.0,6,10,1,50,2,43.33
277,2,1,42,23,7.55,2,90.26297726684668,0.0261028665293449,90.76135101469646,226.0,17,14,0,73,0,48.46
278,0,4,56,14,7.97,1,92.54720500457547,0.0263246174830544,91.12472788051544,191.0,5,13,0,73,0,46.81
279,0,1,23,27,7.4,4,82.49353828481033,0.2057193399887943,66.44412611797564,124.0,4,0,0,58,2,36.83
280,2,0,48,29,7.61,4,92.30638640214264,0.0772873936381853,86.77939852345642,221.0,18,9,0,71,0,47.97
281,2,0,23,1,7.7,2,71.36774086959994,0.2979282177711214,34.74309611400073,88.0,9,2,0,61,1,27.22
282,2,3,56,17,6.7,2,95.66443685086628,0.0471756309390874,89.91638945297078,214.0,14,13,1,66,0,51.1
283,1,4,39,30,7.02,2,77.58896426281945,0.1170380976068012,66.48899543300591,135.0,9,5,1,74,2,39.26
284,0,1,35,13,7.24,1,90.57788197019865,0.0140653339233666,94.33263873404064,231.0,15,2,0,77,0,49.0
285,2,2,41,21,7.78,5,64.52882866300405,0.2534720157872512,44.50967601460465,77.0,11,4,1,64,1,29.96
286,0,0,39,19,7.46,2,91.26545311196378,0.047662045631054,95.27230597923314,219.0,17,8,1,79,0,51.45
287,1,0,31,19,8.91,5,79.74591558226203,0.122036336353439,70.49105571244924,127.0,0,1,0,76,2,36.85
288,1,2,46,25,8.52,1,71.77899479827278,0.3122271409840819,52.26796677064981,99.0,15,10,0,71,1,31.91
289,2,1,23,22,7.26,5,62.17480623514024,0.3499920079891427,47.55496521038268,66.0,5,1,1,59,1,27.69
290,1,1,46,31,9.16,3,86.84042829656069,0.1519399076181895,72.4378026767938,163.0,2,11,1,80,2,41.49
291,0,4,54,17,9.75,5,90.864457531734,0.0759428704956486,86.28088006035289,227.0,1,5,1,76,0,46.05
292,2,4,57,23,5.05,2,79.79171829905644,0.1125810607828018,78.86327558553427,167.0,1,5,1,61,2,40.85
293,0,3,52,32,8.62,1,88.55229345718679,0.205442132292536,62.59772325109585,135.0,12,10,0,95,2,39.49
294,0,0,35,10,6.67,2,84.1041576370291,0.1493508594493349,67.43763114509495,152.0,8,10,1,80,2,40.89
295,1,4,22,10,8.46,3,68.16790821256203,0.2592335016399999,49.0070552072828,97.0,15,7,0,81,1,30.7
296,1,1,37,8,8.99,2,95.11536194234792,0.0943565217156977,80.83760787677551,234.0,4,11,0,81,0,44.66
297,1,2,24,20,6.45,2,92.92441804589517,0.0798272996546305,95.6667338384924,220.0,6,12,1,90,0,49.5
298,1,1,56,32,5.28,2,83.02899418909303,0.2280444892791935,64.59662683426549,144.0,12,10,1,94,2,40.01
299,1,0,27,14,8.5,4,76.15733853181159,0.1189254385223105,63.52282453871631,161.0,19,13,1,84,2,40.23
300,2,1,46,28,7.66,3,96.57197661640062,0.0439029243980448,80.89762032945436,216.0,12,1,0,95,0,47.2
301,0,3,34,24,5.5,2,82.35811123687138,0.1744967818584256,62.73918850054294,143.0,6,8,0,70,2,36.77
302,0,0,55,15,10.54,2,81.74572155006761,0.1186517976163616,64.07116437689493,138.0,9,14,0,59,2,38.01
303,0,2,29,22,8.25,2,96.07957702683608,0.010476253645144,89.08455647613738,238.0,14,1,0,65,0,49.44
304,0,3,42,30,8.3,1,86.4394298620366,0.229151323196202,71.69686353697941,165.0,5,12,1,56,2,41.05
305,1,0,55,4,9.14,4,70.13053212861132,0.3749024835430077,35.824033755072705,87.0,4,0,0,53,1,25.29
306,0,2,25,13,6.8,1,84.08712842826438,0.1525354921490615,77.42487159826409,132.0,1,9,0,76,2,39.44
307,2,3,46,23,7.66,4,63.13961736411724,0.2647652063567484,56.58739076416852,117.0,14,1,1,74,1,32.46
308,2,3,36,8,5.92,2,76.57505786533328,0.1142326345221362,66.32714502799264,150.0,15,11,0,80,2,38.16
309,0,0,25,18,6.77,3,91.6956351857111,0.081741245526911,98.66450122638255,204.0,18,6,0,60,0,50.11
310,0,4,33,12,7.96,5,75.47845824657523,0.1479478093382951,75.39822535789024,177.0,8,7,1,97,2,39.92
311,2,3,53,31,5.5,5,75.10181930771613,0.109136834030729,68.14794129065042,123.0,18,4,0,69,2,38.72
312,2,3,53,14,6.74,2,76.39529490907486,0.1408700776049644,75.80392070351803,150.0,6,5,0,85,2,37.93
313,1,2,49,34,6.39,1,71.88307753886177,0.2947292316813398,47.35836615459099,100.0,3,11,0,66,1,28.73
314,2,1,34,18,7.67,3,90.51882077593991,0.0942233719491166,90.54451956500968,191.0,2,0,0,94,0,44.8
315,1,0,52,34,8.19,4,65.11117142598161,0.3868876326887235,52.63513227995363,79.0,19,14,1,60,1,32.02
316,1,0,35,11,8.39,2,80.08981417487617,0.1797228890956757,76.56545867116795,148.0,10,5,0,79,2,39.6
317,1,4,41,12,8.7,3,68.80209941835815,0.3330592347097542,58.606006536003775,61.0,0,11,1,84,1,31.06
318,1,4,39,15,9.15,3,91.95707751638788,0.0027849777582755,96.1002976023614,219.0,5,14,0,90,0,47.87
319,1,0,50,31,8.23,4,86.6296544727722,0.1216155944549449,78.5188898053352,131.0,10,7,1,87,2,44.53
320,0,4,27,29,9.76,3,81.21297010995269,0.1856279538316469,70.01434783175571,150.0,0,12,1,71,2,38.57
321,2,2,53,26,7.64,1,71.74869280020154,0.3479489097312577,44.56597107326623,102.0,6,2,1,92,1,30.2
322,1,0,50,18,7.29,1,68.32064427497234,0.3390415816669622,34.7613639576344,82.0,5,10,0,97,1,25.09
323,2,4,23,32,8.23,1,93.56899887174755,0.0108289356482916,88.41754499486413,218.0,13,0,0,76,0,48.34
324,2,0,44,22,7.24,3,77.39854362236125,0.2001402570374852,71.5794606492183,171.0,1,10,0,86,2,35.81
325,1,1,40,17,9.72,1,90.88006027511452,0.0893534583498437,87.78532793618096,213.0,3,3,1,95,0,46.62
326,0,3,52,23,8.86,4,70.58107740039424,0.3946575128176056,33.321813688007985,105.0,10,0,0,98,1,25.94
327,1,0,26,24,8.4,3,88.00965365277048,0.1455179824674409,76.41478034173915,141.0,14,13,0,84,2,43.09
328,0,3,40,8,7.66,5,71.5552916901656,0.3980623546008955,46.14953711429101,92.0,17,7,0,53,1,30.15
329,2,4,55,6,7.01,3,92.74544584740444,0.0824094490484374,80.10648381142128,186.0,0,4,0,65,0,43.1
330,0,3,31,5,8.34,4,97.73474017822768,0.0875120992382494,80.53205127193128,201.0,2,0,1,65,0,47.04
331,0,0,46,29,6.15,5,98.51484449313996,0.0609195391393326,97.06345957293443,239.0,2,13,1,70,0,50.86
332,0,1,23,28,9.34,3,62.68847113306094,0.3457512625871635,48.98241954548435,112.0,6,7,0,75,1,26.39
333,2,4,32,11,7.29,1,82.79537000397036,0.1992286486219262,71.24637368396233,174.0,0,8,0,85,2,37.17
334,2,0,52,1,7.87,2,62.61493130027319,0.3138345048577527,45.93519763184279,63.0,10,9,0,68,1,26.86
335,0,4,36,19,6.41,2,68.35064408561533,0.291246878796046,32.30970874200821,79.0,5,1,1,66,1,27.09
336,0,2,30,9,8.37,1,77.35523180485157,0.2040768079408399,72.26257481193721,132.0,19,8,0,94,2,39.47
337,1,3,44,27,6.96,2,84.01278851341742,0.1499227541637507,74.34257804926266,144.0,2,7,1,75,2,41.03
338,0,2,40,34,8.28,2,97.73647395055336,0.045561637396684,92.23808169534648,191.0,18,6,1,71,0,52.99
339,1,0,30,4,8.41,1,96.96507183476888,0.0376041791109156,98.85219420317311,229.0,1,2,0,77,0,48.78
340,0,1,56,18,6.72,1,82.17615677585991,0.1687986939238555,72.20407336853914,123.0,17,1,0,50,2,40.86
341,1,4,42,15,6.15,3,94.76567943580018,0.0296065510038947,90.29858990784966,200.0,11,6,0,93,0,48.48
342,2,3,30,13,9.34,3,97.90773063732034,0.0373927869706783,91.2562522190726,211.0,9,14,1,85,0,51.14
343,0,4,49,19,7.27,1,99.13578011402694,0.0525360481819498,94.49820543672168,236.0,4,4,1,92,0,51.01
344,0,0,28,6,7.77,4,86.93006846920017,0.1838778819969772,70.1105220520647,176.0,8,5,0,86,2,39.94
345,0,4,37,12,8.08,2,83.09521700637319,0.174719451127597,71.01119101384964,157.0,1,3,1,51,2,39.65
346,0,3,37,17,6.0,3,87.98504971815206,0.168742482457941,72.52946751559713,120.0,1,1,0,66,2,39.46
347,1,0,54,23,8.06,2,92.53457129673016,0.0074246859330545,82.07549417269482,212.0,5,8,0,89,0,45.19
348,0,4,25,26,7.62,5,68.38092050361806,0.2938810642722355,49.83290728855263,78.0,9,2,1,87,1,31.37
349,2,1,25,29,6.73,1,72.20163952991376,0.3227488426866249,38.86171732050695,101.0,17,11,1,70,1,31.65
350,2,0,38,33,6.11,4,72.21603627016702,0.3261455083984521,53.431004988561966,66.0,11,13,1,58,1,33.32
351,0,0,58,27,8.23,5,61.75109517542855,0.2562248956578567,38.16377900239889,85.0,3,6,1,62,1,26.23
352,2,1,50,25,8.85,5,65.09459169093465,0.3749911457543137,43.17385100645233,104.0,16,13,0,60,1,27.66
353,0,2,57,10,7.71,5,93.91771742012004,0.0577122269914442,94.04835056300728,191.0,14,7,0,65,0,49.29
354,0,3,59,23,5.78,1,92.11716778461964,0.0145286009745786,86.32584697451249,201.0,5,1,0,65,0,45.84
355,2,2,58,21,6.23,3,94.24830736643312,0.041705320370292,93.27596784085335,233.0,15,13,1,51,0,51.61
356,0,4,56,21,6.98,1,65.56118541392726,0.3356980023149654,57.640613762730986,93.0,16,5,0,91,1,31.08
357,2,1,28,13,9.38,3,72.98585888346659,0.2961586284046557,33.23622381823335,113.0,2,10,1,93,1,28.03
358,1,2,48,33,7.2,5,93.15008275189774,0.0575549507831103,99.01187931862248,197.0,9,7,1,57,0,51.05
359,0,0,49,24,6.94,5,88.18286454079283,0.2066694277004634,65.61712830381309,154.0,4,6,1,92,2,40.38
360,1,4,43,11,5.49,4,72.91498454823504,0.3778999229652581,52.47161953533551,87.0,13,10,0,91,1,31.23
361,2,4,35,17,6.71,3,85.3179483641783,0.1267030486438405,75.66894354533079,173.0,12,2,1,62,2,43.93
362,1,2,28,4,6.02,5,82.07039264608274,0.1045744821779131,62.504397096451726,153.0,5,0,1,66,2,39.14
363,1,2,58,25,6.3,2,92.66233494517802,0.051452693658224,82.13770590978122,230.0,11,13,1,88,0,48.01
364,2,1,43,30,7.64,4,80.17998440343969,0.2111169800741008,74.89955640540951,142.0,7,5,1,73,2,40.38
365,1,3,26,9,7.02,1,60.63162230042043,0.3900161510756288,50.459196908780406,97.0,4,7,1,52,1,27.22
366,1,2,23,21,9.54,4,66.57783608977145,0.2996189487141483,51.893265804591536,117.0,14,5,1,79,1,32.2
367,2,2,48,20,8.79,2,85.27070561003126,0.1937540181715493,76.22631033970694,151.0,15,4,1,62,2,43.95
368,1,0,42,19,6.77,3,60.57924135454164,0.3068330635498908,31.006768413332946,80.0,0,10,1,68,1,23.34
369,2,4,59,19,6.4,1,66.83027248397283,0.3553246492972469,44.88337929900675,84.0,15,11,1,56,1,30.51
370,1,3,36,12,9.16,1,94.51089287466831,0.0910878904806443,96.28601967343177,201.0,4,7,1,58,0,49.58
371,2,0,42,17,9.49,3,65.29474889339507,0.336460832718045,52.96809065777568,94.0,2,1,1,68,1,29.26
372,2,1,31,28,4.87,4,91.2473611322168,0.0188368232067069,87.01844189931359,203.0,19,14,1,94,0,50.47
373,1,1,44,18,7.61,5,62.02594890591128,0.3716845837602037,36.45682782157677,104.0,14,11,0,89,1,25.03
374,1,2,26,14,7.2,4,92.65609457666416,0.070435295647213,96.05531342924075,226.0,12,14,0,71,0,48.8
375,1,2,22,7,8.28,2,66.45446995336937,0.2988835215090464,43.793995896822594,103.0,15,0,1,67,1,30.75
376,0,1,34,13,9.83,5,73.80388201038923,0.3906646838977337,55.00243579050053,61.0,10,0,1,72,1,33.26
377,0,2,42,18,6.92,4,93.97728975622722,0.0428113569747241,97.60495988951128,211.0,1,14,1,51,0,49.57
378,0,3,47,13,5.03,3,93.92950764991352,0.0961762478345468,88.31572124138366,238.0,5,13,0,99,0,45.98
379,2,2,42,31,8.19,2,69.64966289652337,0.3908663831099034,37.24996332149112,63.0,5,3,0,99,1,25.46
380,1,4,39,2,9.17,2,70.445833695341,0.3281223379216123,37.78815707799859,105.0,13,5,0,60,1,28.05
381,2,2,58,16,7.14,2,95.86731527389752,0.0795913142420156,89.50157960100488,227.0,10,12,1,80,0,49.96
382,0,0,53,9,6.65,5,94.81273951827605,0.0617354250988067,88.09821628539689,237.0,7,8,1,82,0,48.94
383,1,3,57,9,6.98,1,83.3432713110966,0.1047042353206882,63.23511360544329,157.0,7,0,1,63,2,40.07
384,2,0,38,11,8.52,5,65.75466070978482,0.3032697646038574,41.80776465554662,61.0,0,11,1,65,1,27.08
385,1,0,56,22,6.95,4,95.44180115941954,0.0543469869981363,89.94307631765743,221.0,6,0,0,60,0,47.37
386,2,4,32,33,7.89,1,86.4564129631598,0.19612812046234,65.89756381062105,161.0,5,12,1,82,2,40.22
387,1,3,42,23,7.53,4,92.10461747683212,0.031825499727942,84.80139306214357,213.0,7,12,0,56,0,45.76
388,0,3,47,34,7.41,1,99.08980891914864,0.0637930489579665,95.38339739047174,219.0,18,4,0,80,0,51.86
389,0,3,25,9,8.34,5,92.189701271058,0.0496549813601831,85.53995636909433,238.0,19,9,1,97,0,50.17
390,1,3,55,24,6.93,2,91.72194267425756,0.0270963207871219,85.71253199367155,186.0,7,4,0,95,0,45.87
391,2,3,39,8,6.98,3,66.13815782946135,0.2545439839719438,52.3486332834281,76.0,13,4,0,96,1,30.4
392,0,4,56,7,8.46,2,92.73914870629903,0.0199872974649443,84.63719227765696,230.0,17,9,0,63,0,48.05
393,0,2,50,18,6.32,5,99.3465195270722,0.000856921081074,80.95599419315498,188.0,15,5,0,77,0,49.06
394,0,0,50,3,6.44,1,94.0788492685036,0.0113945269444543,93.52283577202914,213.0,8,7,1,92,0,50.5
395,1,3,59,28,5.99,2,81.43276621470231,0.2487668317502039,64.31083238125595,160.0,14,2,1,65,2,39.67
396,1,2,42,6,8.52,5,99.53920803846722,0.0814208767054663,98.07963393178572,215.0,9,8,0,68,0,50.55
397,2,2,34,21,7.37,4,82.76435639764385,0.226476688097926,69.13862467488023,125.0,15,12,1,66,2,41.44
398,2,0,38,28,5.92,3,76.30602338610755,0.2108167043377896,78.23841710319974,122.0,3,0,0,75,2,37.08
399,2,4,30,1,8.52,2,67.07820163658157,0.3119805070895288,55.42843342457098,95.0,19,3,1,55,1,33.93
400,1,1,22,21,6.83,1,68.3901099283467,0.3214507440241549,57.052540419448675,112.0,12,8,1,92,1,33.16
401,1,1,23,13,6.45,4,77.26754058164117,0.2051226943958018,77.60932747309077,154.0,4,14,1,98,2,39.52
402,2,2,50,10,7.27,5,83.16226106421792,0.2363376616182181,77.89783749079356,132.0,6,13,1,58,2,41.42
403,2,0,54,10,9.27,3,90.03767694550532,0.0631377436395429,91.93032001397262,217.0,8,7,1,99,0,48.46
404,1,1,31,13,7.03,1,67.51615505158843,0.3866192395764923,54.55007535149669,104.0,7,9,0,66,1,28.74
405,2,2,42,24,8.19,5,96.34534933366108,0.0532711622038985,87.85052396835654,192.0,15,8,1,80,0,51.02
406,0,4,49,2,8.37,5,78.72928698002033,0.2349179626830752,77.61996177976951,131.0,5,0,0,61,2,37.85
407,1,1,32,22,8.03,2,82.29160222757038,0.1672550403147364,64.86568009853005,144.0,15,8,0,72,2,39.05
408,2,2,55,17,9.03,2,66.66319104566814,0.2683874734760774,56.91009183587363,107.0,5,2,1,54,1,31.74
409,1,2,29,14,6.65,1,75.77941940935565,0.2196276110043828,62.927171404352315,139.0,13,10,0,92,2,35.78
410,0,3,43,10,6.25,5,76.4074250216857,0.1744329219234886,73.10932278540089,167.0,0,11,1,85,2,37.87
411,1,4,29,25,6.22,2,90.14808861132624,0.084104498251256,90.26995922683714,207.0,8,9,0,85,0,45.94
412,1,3,36,3,7.33,3,66.89530595628712,0.3872329225182256,44.18669902143785,105.0,12,8,0,52,1,27.48
413,1,0,38,17,6.36,3,92.68599161501086,0.0534385564235263,96.65218026076772,239.0,18,0,1,73,0,52.3
414,1,3,44,12,7.68,5,83.86949411062639,0.1372803615890639,65.77894983522384,166.0,16,0,1,66,2,42.21
415,0,3,45,24,7.59,2,98.0719197040216,0.0757402198331027,87.1387459589627,206.0,10,8,1,88,0,50.18
416,1,1,40,29,8.72,1,97.74858402181955,0.0129706257990026,89.07507520500707,194.0,7,10,1,75,0,50.49
417,1,2,26,25,7.85,1,94.34657318051084,0.0330794994781043,83.57325610678205,196.0,4,13,0,53,0,45.57
418,2,4,53,26,7.0,1,75.62652007496733,0.1444661087169095,65.32254825673222,177.0,9,5,1,94,2,38.18
419,1,3,22,1,7.99,3,64.04849555399021,0.2964647971214355,45.13464939589687,75.0,6,3,0,61,1,26.51
420,2,4,44,20,6.26,2,65.33540719056539,0.3579205346970072,39.74879481880782,95.0,9,6,0,50,1,25.81
421,0,3,58,28,7.45,2,84.02541200501199,0.1416800350215841,78.93677956250305,135.0,3,4,0,70,2,40.23
422,0,0,29,16,7.88,3,65.85157361021137,0.3914369067087635,50.92384161545928,116.0,8,9,0,68,1,27.67
423,0,3,34,17,7.66,1,88.08718557542899,0.226138576566019,72.22990548318613,123.0,13,13,0,70,2,41.26
424,0,1,29,28,8.0,1,71.48410144852848,0.3106164771614436,36.42353047476173,104.0,1,6,0,67,1,25.87
425,2,2,44,12,6.73,5,88.56652676823575,0.170093103727318,70.89941085678639,135.0,8,7,1,92,2,42.71
426,1,0,22,27,8.88,4,88.28186885534853,0.2353368434644347,76.63862369461985,157.0,0,7,0,52,2,39.52
427,0,3,45,30,9.69,2,67.57626182740921,0.2632730343548521,30.765124922160613,92.0,9,0,0,98,1,25.63
428,1,4,56,34,5.58,2,81.93078323916419,0.2269801739685107,69.59814851893192,156.0,9,7,0,93,2,38.09
429,2,0,45,6,6.04,2,77.51300364692091,0.2148407227386688,69.3770857744198,141.0,19,5,1,81,2,40.84
430,2,0,38,7,7.55,4,77.30627612442814,0.152703390198239,65.03245889845786,157.0,2,3,1,59,2,37.14
431,2,3,26,32,7.19,5,97.12771793516904,0.0555005672334486,98.08382415104856,203.0,5,12,0,89,0,49.28
432,0,0,41,32,9.78,4,61.39904627876174,0.3707526539851942,40.72677014379562,118.0,5,13,1,64,1,25.91
433,1,4,42,25,7.76,1,79.98184275742959,0.1374814315248216,71.70813052958864,135.0,1,11,0,54,2,37.22
434,1,0,52,33,9.17,1,68.62713952249734,0.3143087712627222,35.28772032376837,76.0,17,7,1,53,1,29.93
435,1,4,57,7,5.04,2,88.6831668508869,0.226538041839031,63.386752735201306,157.0,1,2,0,77,2,37.28
436,2,3,32,12,8.48,3,98.09674258088071,0.0695677663215339,95.3156858543145,222.0,11,12,1,53,0,52.09
437,0,2,36,16,6.64,2,95.30115565035317,0.0137762929398519,87.38112318683608,208.0,4,3,1,64,0,48.82
438,2,0,40,16,6.62,3,68.85747848777903,0.3964020888398191,39.00742817046456,105.0,19,14,1,66,1,30.34
439,2,2,28,13,7.2,4,93.4385357554258,0.0693880688708322,97.68414703658638,188.0,6,5,0,93,0,48.15
440,1,4,49,7,5.79,1,85.66439789057323,0.1087445805793535,78.97000344455171,155.0,15,10,0,52,2,43.47
441,2,0,26,9,8.03,3,87.31792867254202,0.1486991900777791,67.52847496620876,170.0,19,6,0,59,2,42.08
442,1,1,26,32,7.73,4,76.57336164900194,0.1521606753338973,76.65199792848536,120.0,0,3,1,96,2,38.83
443,0,2,51,11,7.82,1,64.1384318850591,0.3558044036345023,44.88325651160701,118.0,0,3,1,91,1,26.71
444,1,0,53,8,8.56,3,77.27713105465861,0.2281518974174073,73.04858811634622,146.0,16,6,0,72,2,38.77
445,0,2,29,33,9.32,2,76.58863092678415,0.182001924983318,73.47664560143564,143.0,0,5,1,67,2,37.91
446,1,0,31,23,7.06,2,63.987937472548595,0.3257746027439972,45.4085929875221,73.0,19,12,0,50,1,28.85
447,2,3,59,25,8.07,2,63.43426603882714,0.3422842304200305,42.85222217919512,98.0,12,10,0,84,1,26.62
448,2,2,53,8,7.85,4,91.9177345829367,0.0050064527093294,97.472676452694,187.0,8,7,0,80,0,48.7
449,0,1,49,22,7.95,2,66.90240746329455,0.3346190415642995,48.96400944049648,86.0,14,0,0,93,1,29.35
450,0,1,38,4,7.97,5,87.26839557881712,0.1446969691993404,60.225555586717824,146.0,2,9,1,50,2,39.24
451,0,4,52,3,9.41,1,88.8102681643743,0.2072614551066663,71.67818126203554,126.0,13,12,1,52,2,43.56
452,1,0,29,29,6.95,4,72.27237366369026,0.3868727581345553,37.71324787496925,69.0,10,10,1,52,1,29.38
453,1,2,46,29,5.67,2,79.74783141678584,0.1105757433352386,71.02073127011752,150.0,11,6,0,86,2,39.29
454,0,4,30,34,6.66,1,78.29570148378137,0.2090469807018723,67.18259018243072,176.0,12,11,1,68,2,39.31
455,2,2,23,34,8.41,3,97.64244221219812,0.0539615850601837,82.58073575620874,202.0,12,6,0,78,0,47.75
456,1,0,36,28,7.53,2,60.315975752028194,0.3530391125161454,38.52609826925364,87.0,0,10,0,74,1,22.31
457,1,1,24,13,6.94,1,90.11028448499135,0.0312128276878106,80.25190076338853,209.0,9,6,0,82,0,44.66
458,1,3,57,15,6.21,5,63.25182710706701,0.3302201465378752,35.76602737830792,97.0,2,6,0,85,1,23.27
459,0,1,25,23,7.77,3,61.21608071180656,0.3552570451099143,31.52662126618767,108.0,3,9,0,78,1,21.76
460,0,4,35,26,8.27,5,76.54551927949908,0.1701703618056008,61.3465623124426,122.0,15,13,0,75,2,36.58
461,0,3,46,4,7.87,1,97.7013129192892,0.0141552109477106,96.68250866494492,186.0,7,9,1,53,0,51.98
462,0,4,31,26,7.2,5,87.94096084671321,0.1823624833853084,71.07697111464799,168.0,15,7,1,98,2,43.84
463,0,0,42,9,7.68,1,99.84193391718564,0.0030339246818318,99.97196335873086,200.0,16,8,1,63,0,55.2
464,2,3,57,5,7.67,1,98.44209585776233,0.043239636018509,96.57334287067188,197.0,18,8,1,99,0,54.1
465,2,4,33,32,7.73,5,87.94527763608234,0.1531369004783866,72.57141080887777,173.0,14,1,0,76,2,42.24
466,0,0,48,20,6.08,1,92.97492669992668,0.029634807688058,94.51136495119896,227.0,15,12,0,82,0,49.59
467,1,1,23,11,7.74,2,62.304781451915815,0.2723008845544273,43.23292943808703,65.0,14,12,1,71,1,29.44
468,0,0,34,15,6.97,1,91.04482395307836,0.023751612059406,87.59801044645408,199.0,1,6,1,97,0,46.88
469,2,2,53,32,8.75,4,90.14276981685832,0.0601316824336151,91.25265191734776,229.0,10,6,1,52,0,48.79
470,2,0,52,28,7.66,1,64.5247169145407,0.2978045885928096,43.00773393168532,99.0,0,3,1,72,1,27.02
471,1,0,37,22,8.5,4,92.83016965883768,0.0437963963962568,87.09990082076708,239.0,14,8,1,70,0,49.73
472,2,2,53,17,7.14,1,84.42485944422133,0.2237789402208535,65.79270779043293,152.0,18,7,1,90,2,41.91
473,0,4,53,26,7.18,1,79.78396631078364,0.2025549318586931,60.37398109224686,120.0,3,11,1,72,2,36.63
474,1,4,55,7,9.29,5,94.46601901106656,0.045764561603354,85.17363547602856,209.0,10,0,1,53,0,49.0
475,0,0,32,26,8.02,2,72.96103969292396,0.3863897565183011,44.85292872208272,82.0,4,1,0,70,1,27.83
476,0,2,31,25,6.64,2,64.43582921110462,0.3587639685979813,33.50899325784992,92.0,2,12,0,86,1,22.88
477,1,2,36,10,8.58,3,62.89780824200167,0.3877289737692554,53.64022672712679,75.0,12,14,0,92,1,28.15
478,0,1,38,19,6.86,5,65.54898640754465,0.2616758729665771,40.83540491068901,117.0,9,12,0,80,1,27.06
479,2,4,39,11,7.77,5,61.57137500788224,0.2936834977867414,47.81132799555163,72.0,10,1,1,70,1,29.13
480,0,3,30,13,9.7,2,97.52981617296116,0.0106368166385243,81.64698287928572,225.0,17,11,0,75,0,48.98
481,1,4,46,8,5.78,5,91.86316776518534,0.0099726203853367,87.2664895113802,199.0,1,11,1,90,0,47.2
482,1,4,35,4,7.29,2,60.60756050009985,0.3022716963693483,35.196210564134354,118.0,6,10,0,84,1,23.45
483,1,1,46,31,7.99,5,83.00587660446624,0.1875834735058072,63.98573286180306,162.0,8,14,1,87,2,39.49
484,0,3,43,28,8.42,1,88.38427594681194,0.1322102687682345,69.8166209370336,137.0,9,14,1,73,2,43.01
485,1,1,51,11,6.01,2,99.50534474528166,0.0980414360232806,90.90913390784984,225.0,17,7,0,60,0,50.55
486,1,3,41,1,5.66,2,81.4914612808245,0.1132783472822092,71.57098310998664,157.0,6,14,0,90,2,38.89
487,0,0,42,24,8.81,4,68.2251747119749,0.2592462825155235,57.79782259789853,107.0,6,0,1,78,1,32.68
488,2,3,53,31,6.64,5,61.062202977136664,0.3547323180241709,48.08939352887474,70.0,2,3,1,96,1,26.82
489,0,1,42,26,6.59,5,78.40155841836399,0.1963463433686527,65.24563568129598,173.0,11,9,1,52,2,38.88
490,1,4,56,5,9.36,2,65.53684706656998,0.2983507687121415,47.70142213267755,98.0,6,11,0,50,1,27.46
491,1,3,53,20,7.58,1,86.6513311818572,0.1426915396840265,66.90409096146385,132.0,16,4,0,68,2,41.2
492,0,3,51,11,7.59,1,98.90824131510628,0.0094462425801086,99.77751424275088,236.0,0,8,1,95,0,51.63
493,2,2,33,33,7.28,1,97.29426093982715,0.0963943734268943,83.11350425528475,208.0,4,6,0,98,0,45.73
494,1,4,39,27,6.03,5,98.44709167075862,0.0418383337713271,88.81710225405031,188.0,15,7,1,71,0,51.96
495,1,0,42,34,8.31,4,84.38984303804251,0.190378883518788,61.355136798843475,148.0,14,13,0,63,2,38.55
496,1,1,34,15,7.99,2,77.6142619173632,0.1518924276794804,66.61140465694912,163.0,1,10,0,98,2,35.36
497,0,0,42,32,7.7,3,77.2314637204849,0.1066138324596298,67.48576264654805,174.0,8,8,0,63,2,37.27
498,1,4,29,21,7.36,4,90.33437985561098,0.0470249085328754,99.08895389705977,226.0,6,12,0,93,0,47.74
499,2,3,28,5,7.15,3,84.85518915390747,0.1506918356567936,65.88962259227392,121.0,3,6,0,65,2,37.78
500,1,3,44,6,8.59,4,63.47855934183439,0.3463797753009049,37.97870496390667,101.0,19,4,1,82,1,29.02
501,1,4,53,22,7.33,1,84.75927593565062,0.1880230667610345,75.8228023494426,127.0,17,12,1,62,2,44.17
502,2,3,32,18,7.42,5,83.15053030602496,0.1373224473007333,72.56343428197545,146.0,3,14,0,87,2,38.75
503,1,3,43,14,8.14,3,93.40274982234033,0.0620832632774192,97.81990749288528,219.0,12,4,1,98,0,51.46
504,0,3,43,10,7.75,4,81.85422634740266,0.1467063163244981,76.5641576494686,174.0,0,9,1,61,2,40.47
505,0,1,46,13,9.47,5,90.6150573645864,0.0051334371323677,87.6030028391534,201.0,2,10,0,87,0,45.14
506,0,1,43,31,5.39,3,69.98223570027291,0.2736555431889237,37.31580359842453,94.0,15,5,1,88,1,30.76
507,2,2,49,30,7.86,2,92.21123262889014,0.0274261850158899,90.9522396828562,220.0,3,4,0,82,0,46.27
508,1,0,50,3,6.65,4,75.19883018639071,0.1230126369116331,68.0015812686075,143.0,15,12,1,82,2,39.99
509,0,4,34,30,6.37,2,82.15035061308704,0.1682523157696671,74.57619466654269,164.0,18,11,1,78,2,43.55
510,2,4,39,6,6.95,1,67.14298083069372,0.26917746054902,51.43076983153107,76.0,0,10,1,54,1,29.77
511,1,4,23,29,7.57,2,97.07862103454204,0.0153296160515387,98.29503662850806,200.0,4,8,1,55,0,51.51
512,2,2,50,8,7.62,2,79.80361722983812,0.1362858658887636,67.57153854727562,128.0,18,2,1,80,2,41.75
513,0,1,42,33,5.68,4,82.27997373651691,0.218191138100935,64.3290205734535,158.0,10,2,1,65,2,39.43
514,0,2,36,17,6.85,1,96.5369869290508,0.0773936128823672,96.27658263185688,230.0,12,14,1,80,0,51.94
515,0,4,48,11,7.84,2,92.43842729966106,0.0152574224302378,97.18378077443138,224.0,19,6,0,74,0,50.91
516,2,0,52,13,6.45,5,78.44779027744443,0.2355111633794189,61.98305770357375,120.0,4,6,0,97,2,34.43
517,2,3,36,11,6.16,3,98.50267394335924,0.0706368771850307,85.8095791844651,205.0,3,5,0,95,0,46.69
518,0,1,44,31,4.79,2,85.1123563565319,0.1285685495545069,68.40096662414342,166.0,3,2,0,82,2,38.6
519,2,1,45,28,6.7,1,94.70920826417635,0.0917847422820352,87.74134626782586,211.0,3,13,1,62,0,47.73
520,0,2,34,6,6.12,2,64.62411845655387,0.3393033583765468,55.29393134096796,118.0,3,12,1,59,1,29.7
521,0,1,43,16,6.32,3,73.92336047736246,0.393485628617824,54.460895904639905,61.0,19,6,1,73,1,34.96
522,1,4,58,4,7.17,1,61.48014384603589,0.3497211637870367,38.29924525313931,62.0,17,4,0,59,1,26.03
523,2,4,54,26,6.78,4,86.21133292547566,0.2377387251911959,71.45707296816832,159.0,17,6,0,90,2,41.24
524,0,2,24,12,6.1,1,75.30277789446511,0.1725389572156493,69.51990017809395,129.0,15,1,0,80,2,37.82
525,0,4,40,11,4.96,4,90.93467936904445,0.0507850143137481,83.24471096281155,234.0,8,5,1,62,0,47.12
526,2,0,44,25,7.86,1,70.95354132102243,0.3296125903582213,47.10519743875291,112.0,17,13,0,52,1,30.86
527,1,2,50,18,8.4,3,82.44737978296448,0.1766947036555732,78.13362868679025,167.0,1,7,1,99,2,40.86
528,1,0,51,19,7.02,3,92.24886780225532,0.0519448786391237,91.2537751158146,221.0,3,0,0,83,0,46.1
529,0,3,46,23,7.18,1,72.62971133543543,0.3876184332836521,56.98921261504679,65.0,11,3,1,98,1,33.54
530,2,0,58,18,7.5,2,67.84338049296274,0.2882505478751613,37.61395667058001,100.0,6,10,0,77,1,26.23
531,1,3,29,26,9.39,3,83.40354246106907,0.1177081760890078,61.06922477411357,163.0,14,0,1,68,2,40.93
532,2,3,37,6,5.62,4,63.07013395506763,0.3559348747797673,52.69689532186342,78.0,6,13,0,72,1,27.13
533,2,0,29,4,7.0,4,67.21118126640499,0.3528560843929114,48.8364405008963,81.0,16,0,0,94,1,29.64
534,0,2,22,29,5.43,5,93.98149493522908,0.0579967820203142,98.9610656370578,209.0,15,9,1,81,0,52.49
535,1,4,26,34,7.93,4,68.22050779389976,0.3214734096030739,39.44551271752297,72.0,18,11,1,62,1,30.77
536,0,4,24,17,7.33,5,75.33565626327145,0.1469538032052372,75.5774948030131,132.0,8,13,0,82,2,37.9
537,1,3,22,16,7.74,1,88.47290186813589,0.1693533401401993,67.84072893606728,166.0,13,13,1,83,2,43.09
538,1,3,25,2,7.68,1,80.36342007026818,0.225335606494684,78.3770509293571,133.0,16,10,0,82,2,40.79
539,1,2,56,34,8.69,1,69.23749179770752,0.2978612458481089,52.24820052370619,85.0,4,7,1,54,1,31.08
540,1,1,53,8,8.15,2,95.52018172295652,0.0230941664598744,94.8700507155815,222.0,1,6,0,52,0,47.69
541,1,0,55,13,8.5,2,94.0084523565348,0.0206760524069761,83.99370852336358,231.0,19,11,1,56,0,50.69
542,2,3,46,8,6.22,5,97.15635550557762,0.0800054407951371,86.9221448156479,201.0,15,9,0,73,0,48.82
543,0,4,31,30,8.93,4,88.52174285081662,0.2412452278110053,76.43618806970285,143.0,13,12,0,71,2,42.09
544,2,2,42,32,6.63,4,95.54909833825408,0.0188041092588785,97.1933109533295,217.0,13,0,0,94,0,50.61
545,1,0,48,30,6.7,1,80.90456972397874,0.1220202447630994,69.10088473914689,125.0,0,10,1,72,2,38.92
546,0,2,48,1,7.83,3,92.15085228785092,0.0271860726725915,83.3941047831049,190.0,2,13,0,79,0,44.53
547,1,0,23,17,7.86,2,97.930103076256,0.0132643874453965,90.37277381332024,227.0,6,12,1,67,0,50.62
548,0,0,34,20,6.21,2,70.30309548712424,0.2707413291516713,58.01916272020157,83.0,14,1,1,81,1,34.82
549,2,3,30,24,7.29,1,67.76578847216642,0.3362919392282125,33.79541367027292,95.0,18,3,1,56,1,29.37
550,0,2,57,22,9.29,2,76.93729987558686,0.2122242698543044,68.92343088208085,156.0,19,0,0,82,2,38.61
551,0,2,43,29,5.74,1,85.44756852090288,0.1906919070257832,73.04096552499492,156.0,1,2,1,54,2,40.6
552,0,4,47,22,9.28,5,83.70747673783367,0.1593034766292074,74.59592858834233,157.0,18,7,1,98,2,44.1
553,0,4,33,9,7.21,4,60.46167721155631,0.3777831973705575,49.83672098907008,75.0,8,7,1,77,1,27.96
554,0,3,38,10,4.69,3,96.59378928601464,0.0349160386565749,93.40639267963086,192.0,18,7,0,57,0,50.99
555,1,3,35,28,5.86,4,99.31019275879704,0.084141643602535,92.94893847502496,181.0,4,5,1,64,0,50.42
556,0,1,35,28,6.34,4,81.88599619950406,0.21527016934962,64.21129897773362,131.0,17,5,1,53,2,40.71
557,0,4,55,21,6.75,5,63.46508579997726,0.261948376139633,32.026862544750486,68.0,15,4,1,83,1,27.85
558,2,0,41,24,7.37,2,95.75520216966125,0.0925264641656964,82.93793137755559,191.0,3,12,1,54,0,47.07
559,0,2,32,2,4.26,3,96.57065182532943,0.0732304192219465,87.10810813524671,187.0,11,8,0,82,0,47.94
560,2,3,37,8,7.72,2,83.87677078415376,0.214133720944186,78.73453063573217,154.0,6,3,0,54,2,40.03
561,1,2,52,27,6.23,4,66.675728848013,0.3733954407335831,37.869412020542974,112.0,13,9,1,87,1,28.49
562,0,2,27,22,9.17,1,94.21376941213856,0.0793835912148616,89.29699607408105,219.0,11,14,1,83,0,49.62
563,2,1,40,27,7.18,4,63.594773217530786,0.2552320458730041,41.89780501161979,95.0,2,11,1,75,1,27.35
564,2,4,58,29,8.63,2,65.1134188226152,0.3089178469493057,50.17358184991683,104.0,4,11,1,50,1,29.32
565,1,3,25,3,8.83,4,60.73143817181159,0.2643315811847149,49.10713334073864,112.0,16,11,0,53,1,28.64
566,0,2,25,13,8.8,1,77.95621252404698,0.1753197461379299,60.38022274894672,128.0,9,6,0,88,2,35.56
567,0,3,41,10,6.82,5,97.62998897711942,0.0584576472751507,80.76236490376984,188.0,9,0,0,75,0,46.74
568,2,0,31,9,6.8,2,82.19643147266217,0.1859723871971868,77.5892821680508,176.0,10,14,0,82,2,40.39
569,0,1,45,27,7.23,4,93.27440562954068,0.0135832428413265,84.73851841462894,188.0,16,8,1,82,0,50.07
570,2,0,56,34,8.26,2,92.00008921112747,0.0130842361348819,93.51623271485464,183.0,4,6,1,57,0,49.05
571,0,3,47,1,6.89,5,94.29190581960034,0.0304813144645132,85.12975046414309,192.0,12,9,0,69,0,47.49
572,2,3,58,32,7.36,4,73.80935040280448,0.3300384595165613,33.28006693854987,73.0,9,11,0,65,1,27.33
573,0,4,59,25,7.83,4,60.44887774829527,0.2624802724763402,38.50848819878776,96.0,8,8,1,70,1,26.85
574,1,2,42,29,6.41,2,96.9679551396434,0.0596030160949801,89.20772351350081,183.0,16,6,1,94,0,51.61
575,0,2,42,7,6.34,2,92.74687493987416,0.0648645659062063,94.43107765186924,200.0,0,1,1,75,0,48.14
576,0,0,31,3,7.31,1,69.4992389727818,0.2797615151790344,44.32562822416124,111.0,3,14,1,72,1,29.56
577,1,1,59,20,7.47,5,98.82166724471033,0.057486949515807,87.96012875007631,180.0,3,5,1,67,0,49.34
578,0,2,25,20,8.02,1,96.61265306265092,0.0409344920882392,97.90825422388436,180.0,17,9,0,80,0,51.63
579,1,4,41,30,8.31,4,96.03632099893066,0.0916422189167533,81.00044533833116,192.0,8,11,0,91,0,45.77
580,0,0,38,27,6.18,2,72.46026461608271,0.2867430262548934,51.16128919595491,91.0,17,10,1,61,1,34.54
581,2,0,28,26,6.53,4,99.96450505100088,0.0787250302669363,88.17482073516246,221.0,13,3,1,50,0,51.53
582,2,4,25,14,6.34,4,69.94340678698163,0.2673099787421242,41.79746944934863,76.0,14,2,0,91,1,29.5
583,0,1,50,17,9.19,3,90.84728683290318,0.0622972887688095,80.13571105953655,207.0,5,1,1,58,0,45.74
584,0,4,35,18,7.36,3,84.04332143556863,0.2459341584081542,61.05897500352664,126.0,9,5,0,52,2,36.82
585,0,1,24,29,7.52,4,71.73901386620405,0.3924380151346878,55.21123258976108,61.0,14,7,0,75,1,31.46
586,2,4,45,20,7.57,2,82.8475509338348,0.149811083623573,62.94389392142078,156.0,3,5,0,58,2,36.61
587,0,4,58,27,6.64,4,93.66493579161164,0.0559574841955873,93.31018817514428,205.0,17,8,0,91,0,49.69
588,2,3,37,18,9.38,3,84.70160511283134,0.1007538255047967,68.12864567612675,127.0,17,13,1,65,2,43.48
589,1,0,25,4,7.99,2,60.48305427097657,0.2932187693282038,52.28498911332892,117.0,16,4,1,73,1,30.92
590,2,4,45,1,7.55,4,82.23571474828299,0.1395045428497119,63.987428868303304,121.0,11,1,0,99,2,38.32
591,2,4,55,1,6.17,5,78.66274728808563,0.1744455405229714,67.9491193970491,130.0,6,7,1,63,2,38.7
592,1,2,51,26,6.11,5,70.08930236311008,0.3332210137410922,42.26341758553659,93.0,15,8,1,52,1,31.19
593,2,0,39,20,7.13,4,82.87737356958033,0.244658388498589,64.12725788387054,170.0,10,13,1,83,2,39.31
594,0,2,40,23,6.66,2,84.4274807064177,0.2336923997241625,75.27380946596982,167.0,13,9,1,82,2,42.72
595,0,0,52,10,6.22,4,79.14296888572403,0.2075571908060657,61.60114062443454,137.0,2,3,0,99,2,34.44
596,2,2,40,11,7.05,4,86.22446383584065,0.2122415230381563,75.08715189177235,132.0,18,5,1,73,2,44.42
597,0,4,40,5,7.24,3,97.17760544816232,0.067981812521997,96.618449816437,192.0,17,14,0,58,0,51.28
598,2,4,43,1,7.67,5,97.4273072945409,0.0414308312334173,89.47138997149293,191.0,9,10,0,62,0,48.59
599,0,3,45,17,6.9,3,82.8173826859831,0.2376023352260123,67.4381148763463,177.0,5,9,1,51,2,39.03
600,0,2,33,22,6.29,3,72.7438047975553,0.344578171337226,46.81483141990216,91.0,12,7,0,56,1,30.18
601,2,1,51,34,6.33,4,93.28147180515067,0.0908189595696502,81.93904247197976,198.0,9,8,1,97,0,47.35
602,0,3,59,29,8.96,3,94.71540126588164,0.0149838134187968,85.27921708263742,223.0,17,11,1,70,0,50.81
603,2,2,52,4,6.0,5,62.9683899070312,0.254431295291724,42.584122239309835,91.0,19,4,0,68,1,28.7
604,0,2,57,5,7.94,3,82.60508132114025,0.1030715625043297,69.91562709709797,176.0,15,11,1,74,2,42.81
605,0,3,40,11,8.12,5,95.31910696881305,0.0091850337229201,88.90037367450711,226.0,5,5,0,96,0,47.38
606,1,4,57,21,7.35,3,96.86886078381757,0.0776403322022103,86.22678485858833,212.0,12,10,0,71,0,48.02
607,1,2,51,12,9.62,5,61.44258370803376,0.2841172381097199,30.09052788933588,82.0,3,3,1,60,1,24.24
608,2,4,54,26,8.1,3,61.5205036328509,0.3209190017952374,49.63669716864315,98.0,13,4,1,82,1,29.82
609,1,3,39,19,9.71,3,98.23980389157066,0.0677101276357364,83.97834719030534,211.0,0,6,1,81,0,47.68
610,2,4,49,7,6.72,2,75.17051769583158,0.1992007170754319,65.49769579422268,134.0,19,8,0,70,2,37.51
611,1,0,32,7,6.74,5,94.27408287904316,0.0134797828419477,98.2733919488544,229.0,4,9,1,88,0,50.7
612,0,1,54,26,8.13,5,94.40148447224132,0.0512428551376656,93.45427223000873,226.0,7,10,0,69,0,47.99
613,2,2,38,5,7.19,5,64.95027604340245,0.3695732658723748,42.84265572678111,70.0,11,12,0,57,1,26.59
614,2,1,27,21,9.52,1,85.3852906534464,0.2135057365167204,72.67120234699999,171.0,1,5,1,91,2,40.29
615,0,4,25,14,7.91,3,88.68744179780191,0.2180000423312444,74.62873528302504,129.0,11,13,1,86,2,43.61
616,2,2,41,4,6.25,5,67.6997058093741,0.3237685948935502,46.39823461614914,104.0,4,5,1,58,1,29.2
617,2,4,48,23,5.42,1,68.39606615554388,0.2766358003947426,38.80825958356782,109.0,4,7,0,74,1,26.36
618,1,0,36,20,7.41,2,90.66627998410377,0.0976079686221467,99.13983537740884,218.0,12,10,1,74,0,50.54
619,2,3,27,15,7.39,5,97.50092412853638,0.0842950390176809,89.40191916903032,213.0,8,3,0,82,0,47.98
620,0,2,35,29,7.88,5,86.62248140199422,0.2425917662114335,72.0508004155792,123.0,9,2,1,51,2,41.82
621,1,0,32,8,8.95,1,83.11291855906366,0.1997699290275588,68.33926606391854,136.0,0,13,1,68,2,38.66
622,1,0,30,19,8.79,3,72.18560648348172,0.3337347625419491,39.419168546030456,105.0,2,6,0,95,1,26.65
623,0,2,47,28,6.81,2,84.45566211989411,0.1485443686870718,61.51319051949144,154.0,17,4,0,69,2,39.62
624,0,4,37,27,5.95,5,93.25132928400264,0.0471110354997753,96.37475980909304,239.0,11,1,1,91,0,51.08
625,1,0,26,4,6.02,3,86.69033023720371,0.1221119175450975,73.45522851487584,176.0,2,1,1,90,2,41.95
626,2,1,31,15,6.62,2,93.97487992422629,0.0217140404037671,87.47281636933397,215.0,8,10,1,91,0,49.16
627,1,0,24,1,7.06,4,62.51854846228774,0.3871667023084313,51.78327007459178,78.0,1,5,1,78,1,27.47
628,0,4,34,3,7.87,4,87.11981389253606,0.1048164370723087,72.2334906235474,163.0,2,7,1,55,2,42.0
629,1,4,51,24,6.54,2,60.75557665998348,0.3644454083063535,50.40173617856188,76.0,13,0,0,66,1,27.29
630,0,1,27,27,7.84,1,99.27810061647696,0.0332656599820891,90.06418833503086,190.0,3,14,0,74,0,48.14
631,1,0,38,34,7.93,2,94.16834615222794,0.0560209402740945,88.58642683935273,225.0,18,10,0,87,0,49.1
632,2,4,40,29,7.67,2,78.64295915110056,0.1265564941792596,60.54188047193432,127.0,12,5,0,53,2,36.89
633,1,2,56,24,6.15,1,68.28239052083435,0.2518093776733601,30.994458671005727,75.0,6,11,1,79,1,27.4
634,1,3,47,24,8.06,1,72.7712147079944,0.3839193909384829,48.96313324470846,81.0,11,1,0,69,1,30.02
635,0,3,26,4,10.0,3,63.783484250864,0.3256961583922113,58.291514437326384,61.0,2,1,0,52,1,27.96
636,0,3,50,3,7.8,3,87.53148716022129,0.1988866805576308,66.5509516444362,162.0,8,6,0,72,2,39.25
637,0,0,58,34,3.96,1,79.35671043456523,0.2154988421828056,76.46851604353553,157.0,1,9,1,67,2,39.21
638,1,1,41,23,8.99,4,72.9073788218585,0.271115568665682,36.52200736618181,85.0,8,0,0,75,1,28.1
639,2,4,42,23,6.66,4,68.72426455242412,0.3203934866406224,33.38148602643522,94.0,11,5,1,85,1,28.33
640,0,2,31,5,10.22,2,90.2544714329504,0.0642746046075279,97.8548508599271,192.0,11,13,0,57,0,48.28
641,0,2,26,31,7.64,5,94.60206618156616,0.0903767261399106,88.196953462367,203.0,14,6,1,66,0,50.0
642,1,0,57,6,5.48,2,61.91686353593928,0.3011525639678805,35.444114189449934,113.0,1,13,0,80,1,22.9
643,0,3,27,10,5.02,2,82.37476470177289,0.1475075683037824,64.90500518551109,174.0,17,7,1,86,2,41.69
644,2,0,47,7,9.35,5,83.16473226636265,0.1344942123101551,62.81454451831128,132.0,12,6,0,94,2,38.62
645,2,1,25,21,8.83,1,63.40582318258978,0.3816061780812087,51.544352878657946,94.0,13,5,1,82,1,30.15
646,0,1,56,20,10.17,4,98.94054605203888,0.0936342753398227,96.1474187958498,233.0,4,8,1,76,0,50.87
647,0,4,22,3,7.51,2,90.86747767803972,0.0337002791337258,82.58008350046518,218.0,9,12,0,94,0,45.33
648,1,4,45,22,7.43,5,62.83719690786604,0.3163231170679874,31.648376550659265,92.0,11,2,1,53,1,26.26
649,2,1,57,4,7.04,3,99.08824030968796,0.0021172363735378,86.96026707526985,203.0,9,10,1,71,0,50.98
650,2,1,27,28,6.71,2,81.9583310688809,0.1048095275641812,71.63391448796754,133.0,10,5,0,75,2,39.92
651,0,1,52,12,7.03,4,83.65261150773233,0.1094642021774823,62.049259746916775,135.0,1,3,0,81,2,36.67
652,1,0,41,5,7.76,1,63.09787227492657,0.2742125481531361,40.787848033885695,68.0,4,1,1,73,1,27.17
653,2,1,45,13,6.49,2,99.78578394859376,0.096544222073871,88.3252199872015,196.0,6,0,0,95,0,47.92
654,2,2,46,23,5.5,2,79.23629013729762,0.1403171947242406,70.11267033569383,142.0,5,11,0,84,2,37.45
655,1,3,57,30,7.69,5,68.64580238493465,0.3972123582750496,39.794923626834645,113.0,2,11,0,86,1,25.03
656,1,1,42,25,6.46,3,81.75507827934959,0.1511654070703687,70.29031379316851,154.0,12,13,1,81,2,41.54
657,2,3,51,27,3.61,3,93.19618125508072,0.0167621563840584,85.25761403978652,198.0,2,0,1,56,0,47.33
658,2,0,45,14,8.16,1,63.98798583345064,0.2536360388533584,48.12556417087502,61.0,5,10,1,82,1,29.31
659,1,3,51,16,6.17,4,91.71693993128493,0.0102534538112644,92.25185616551752,211.0,10,9,1,80,0,49.95
660,2,0,43,22,8.29,1,73.41371913671458,0.2515789069464552,58.72085207128448,75.0,16,2,1,61,1,36.48
661,0,2,49,21,8.27,2,72.4693334624867,0.3577796977183369,32.11608165484495,72.0,9,3,1,60,1,28.42
662,0,0,28,21,7.84,2,91.45491447247826,0.0837330153933041,80.31125092517432,220.0,11,1,1,73,0,46.95
663,1,0,56,8,10.5,3,84.54566244846002,0.2490252340593562,64.41437537255635,160.0,16,12,0,57,2,39.02
664,1,4,49,16,7.33,4,66.16178775164857,0.2684958707982137,44.106951739040376,116.0,3,11,1,81,1,28.63
665,1,1,35,31,7.16,5,61.66920008945002,0.3473637610807822,46.44772954948837,83.0,1,10,1,87,1,26.55
666,0,1,31,10,8.32,4,93.07432532547836,0.02879786079325,98.30064846942167,184.0,10,10,0,71,0,49.37
667,2,2,37,32,7.43,2,93.97591869310646,0.0624922469788456,95.59637351246288,239.0,6,13,0,83,0,47.99
668,0,2,37,34,8.89,5,72.43465934149862,0.3782119198046088,54.50736749432954,80.0,1,10,0,68,1,29.08
669,2,1,52,9,5.98,4,98.886932147848,0.0240227166395545,85.60432813981141,231.0,17,0,1,69,0,52.04
670,0,4,46,17,6.0,4,81.85904454542805,0.1808158879172674,64.89548343683195,173.0,3,3,0,63,2,36.4
671,2,1,34,11,8.42,5,63.24506388663212,0.385209991184385,54.18358141337007,111.0,7,14,1,82,1,29.4
672,0,4,27,32,6.1,2,98.10469617069592,0.0828059542732876,88.2312754380206,201.0,19,6,1,59,0,52.13
673,1,2,30,10,8.23,4,72.81667633705663,0.2688419055280453,42.13495690177061,60.0,13,9,1,65,1,32.21
674,0,3,57,22,7.94,5,81.23668756316684,0.2310509090769647,68.77485425665157,170.0,11,10,0,53,2,38.09
675,2,2,41,17,6.67,2,78.18487247216687,0.1713430921462388,68.06352956222219,170.0,17,5,0,76,2,38.83
676,0,2,39,4,7.94,5,90.64834218786191,0.0762652558756141,88.5488384171312,219.0,10,5,1,77,0,48.23
677,0,0,42,25,6.02,5,94.39655734059164,0.0446286668474351,88.21843139387678,189.0,7,10,1,92,0,49.0
678,0,0,25,21,6.3,4,65.43057940532422,0.3063939864460995,48.56141511097164,63.0,1,8,1,65,1,28.5
679,1,0,54,1,7.22,2,62.06533367848286,0.2644825717896618,30.3892645384837,84.0,14,13,0,82,1,24.89
680,0,0,48,25,7.59,4,91.36233651545726,0.0630400926035999,86.02451496124559,215.0,8,14,1,97,0,47.67
681,1,4,28,17,7.14,1,69.51969968111067,0.2628626576366656,43.36670241467013,111.0,18,1,0,68,1,30.55
682,1,1,27,24,8.02,1,97.17434450878254,0.0762653489911484,84.02922991586321,230.0,19,3,1,70,0,51.09
683,0,3,36,2,7.97,2,70.031750956906,0.3396894140229745,36.14217936886489,110.0,7,4,0,71,1,26.29
684,0,2,39,15,9.34,5,64.50047469126926,0.2739444899879146,35.950302168459665,70.0,18,0,1,58,1,29.43
685,0,4,53,32,7.39,4,69.02388416484551,0.3592529256214843,43.864813545728424,111.0,4,7,0,58,1,26.73
686,2,3,32,6,8.93,4,73.6637636714943,0.2996820721934682,33.44101539269132,61.0,10,7,0,58,1,27.82
687,0,4,41,1,8.6,2,98.90826753574268,0.0976490034044249,94.00429317690669,216.0,14,5,0,76,0,50.39
688,1,4,45,23,10.25,2,91.66311700209084,0.0705380559647417,85.83155433519862,221.0,7,11,0,66,0,45.45
689,0,2,36,17,7.35,1,85.15134426456711,0.2447547434364878,64.94754981615637,141.0,18,4,0,93,2,39.75
690,2,1,28,34,7.0,3,83.83358622818082,0.1709471472056103,72.77017474187718,169.0,7,7,0,94,2,39.47
691,0,0,42,29,9.01,2,91.93738933024812,0.0261752869037023,90.25181850534592,216.0,18,2,1,57,0,51.06
692,2,1,47,9,7.96,3,95.89133403156038,0.0647669356120825,89.03483507030884,239.0,17,2,1,65,0,51.43
693,2,2,35,13,9.04,2,83.12867664675295,0.2159635212425668,66.32078674407616,120.0,9,1,1,67,2,39.89
694,0,2,58,6,8.36,5,60.2368988085092,0.3047435781502338,37.937587598012435,90.0,6,4,1,82,1,25.85
695,1,2,42,6,4.97,5,66.6573713027667,0.2977262814263055,37.73439948847921,90.0,8,2,0,50,1,26.2
696,2,3,39,20,7.95,1,91.29762233496264,0.0750061324144347,81.98457792165354,220.0,0,2,1,61,0,45.13
697,0,1,26,3,7.87,1,75.2786207723611,0.2048541121063142,64.80532430556946,172.0,18,14,0,55,2,37.17
698,0,1,24,17,7.66,3,86.10211422771553,0.2383653416505655,72.65913260149611,174.0,4,5,0,90,2,38.85
699,1,4,44,12,7.34,2,68.23039968701694,0.3252094717892986,55.32814076676038,102.0,18,7,0,54,1,31.93
700,2,4,47,1,5.59,4,78.7948818619651,0.1456369467229877,69.77511320048959,164.0,0,1,1,65,2,38.21
701,2,4,58,17,8.55,1,88.19268292909052,0.223463129351032,60.79748179862661,156.0,14,3,0,67,2,39.25
702,0,2,45,3,7.95,4,65.57134278681866,0.2965220831636203,43.08876502946882,87.0,15,10,1,98,1,30.36
703,0,1,40,26,8.82,4,68.56207163671161,0.3668640915072655,50.85196682490674,100.0,6,6,1,67,1,30.31
704,1,2,46,15,5.65,2,99.2223086983873,0.0480236713471026,92.47484490999082,221.0,11,0,1,50,0,52.07
705,1,3,42,32,8.11,3,96.0372671753513,0.0800410862493678,91.69983497403835,237.0,7,0,1,68,0,49.85
706,2,4,33,32,7.22,2,80.24623431550064,0.2388293982470342,75.74966793266722,132.0,4,11,1,57,2,39.69
707,2,2,54,4,7.67,1,73.88004368181323,0.3569828507615658,34.756891212322294,111.0,9,12,0,52,1,27.39
708,0,2,25,18,7.23,4,96.1909309527112,0.0143691607261733,90.44746527933604,185.0,4,9,0,74,0,47.68
709,2,3,28,19,8.15,2,87.36367169344685,0.1865562792985037,66.72637312260821,172.0,16,6,1,54,2,42.96
710,1,0,43,14,7.3,2,88.69577280398583,0.2311155694099316,66.82234480181987,141.0,4,13,0,89,2,38.52
711,1,1,54,33,6.24,2,78.51381079732454,0.2107725958279158,75.31556114250363,122.0,14,6,1,68,2,41.36
712,0,0,38,14,7.6,1,93.67985077186786,0.0077631885249795,94.26923896733,220.0,12,0,0,67,0,49.37
713,1,4,45,34,7.24,3,72.7124882687001,0.2853530671496064,56.339498085634915,85.0,0,0,0,99,1,30.26
714,1,2,55,4,7.4,2,94.17387127700546,0.029754676134333,98.2540202071422,227.0,10,3,0,80,0,49.7
715,1,3,49,24,3.67,1,60.74962511249745,0.356390801750472,45.43122288127311,93.0,0,4,0,82,1,23.79
716,1,3,43,29,8.32,4,67.7657115990588,0.2620505299854231,52.914825219910405,72.0,10,4,0,96,1,30.32
717,0,1,38,19,7.12,5,95.52841795984769,0.025324536304025,99.11242759562712,228.0,17,3,0,67,0,51.72
718,0,0,55,6,5.88,1,97.8654893636501,0.0973877767043639,81.19251048774538,180.0,17,7,0,88,0,48.1
719,2,1,27,33,8.61,5,78.25822338618075,0.1737023635403178,76.57684494191224,149.0,15,6,0,65,2,40.12
720,1,2,27,19,8.26,2,68.58823661595186,0.3030704245965963,39.67483183835276,78.0,12,8,0,65,1,27.91
721,2,1,55,1,7.11,2,77.32979998035316,0.2179551078942547,64.75107841169292,125.0,6,6,0,96,2,35.22
722,0,3,22,5,6.12,1,70.92728806217448,0.293021893716023,41.67090901486418,117.0,0,14,0,87,1,26.73
723,0,3,31,27,7.71,5,95.65644882384788,0.0142061609443062,94.09591672264374,228.0,15,9,0,90,0,50.47
724,0,4,42,16,7.65,2,66.08450715414155,0.3232138390397464,56.8952622580001,73.0,0,0,0,56,1,28.0
725,0,4,26,6,8.61,4,94.92081705388416,0.0531360831695266,84.0250072910234,199.0,16,12,1,63,0,50.03
726,0,2,23,13,6.97,3,76.49636725121844,0.2231665791612274,68.27459552161193,122.0,5,13,0,92,2,35.42
727,0,0,43,19,8.93,3,68.71676438306687,0.3479139633964188,52.31247752838326,97.0,1,6,0,97,1,27.84
728,0,1,23,12,6.85,2,96.3377903954325,0.0880131353433641,97.75507018827972,218.0,16,0,0,74,0,50.86
729,1,2,31,16,5.89,5,97.77445628253412,0.0383080281333185,86.60761868659276,189.0,5,6,0,81,0,47.35
730,2,4,55,10,6.14,2,71.45959611867704,0.3049379508997711,47.444906685011475,80.0,13,9,0,87,1,30.51
731,0,1,37,25,7.43,5,65.11035425654352,0.3856710890921931,44.593622016197415,74.0,17,7,0,71,1,28.03
732,1,4,43,20,7.42,4,91.31215482931688,0.0591509532134982,92.65998887693856,181.0,5,10,1,65,0,48.41
733,1,1,33,31,7.89,5,82.18297192008814,0.2221025103279895,74.76034621106734,136.0,9,8,1,78,2,41.24
734,2,0,45,4,7.39,2,86.9712412946845,0.19872437147895,68.25404192790089,162.0,17,11,1,65,2,43.22
735,0,2,59,23,8.67,4,98.93443465376264,0.0194152696618549,82.60911273102788,200.0,8,2,0,61,0,47.69
736,2,1,31,2,7.19,1,79.33358788606924,0.1853660470544205,64.67385940135384,158.0,7,14,0,66,2,36.35
737,0,3,56,22,5.1,3,67.5836155364722,0.3469602604998699,45.81552271187561,111.0,9,3,0,86,1,27.81
738,1,3,53,8,7.35,2,98.4750062037634,0.0333039235363394,87.99924249167876,219.0,16,3,1,76,0,52.1
739,1,1,28,7,5.09,2,95.02639804975536,0.0491811322322456,83.43578218955534,223.0,5,11,0,74,0,45.8
740,1,1,42,14,7.83,2,96.08684220603502,0.0399401658741133,92.90019630983134,190.0,13,8,0,62,0,49.69
741,1,1,41,3,8.77,4,77.14358824081077,0.1403905636457811,71.22120349703312,137.0,5,12,1,57,2,39.04
742,2,3,47,16,6.32,1,77.47459614392845,0.2297490959544302,70.695096700779,132.0,6,6,1,54,2,38.34
743,0,3,25,19,9.2,5,78.32244785885447,0.143299945401319,77.82176944373045,155.0,11,2,0,61,2,39.89
744,0,1,43,18,8.51,1,67.7537640912023,0.3074189246619864,34.5609324882154,95.0,2,9,0,90,1,24.6
745,2,4,36,16,8.95,4,67.83022620907558,0.2781116931975665,42.99857088113851,95.0,13,4,0,52,1,28.81
746,0,4,42,8,7.73,2,70.44033641057665,0.2807907511825988,38.49426665435014,88.0,18,6,0,84,1,29.66
747,1,0,36,33,6.31,3,64.53053257207699,0.3757985731738685,33.003720416987434,64.0,15,7,1,82,1,27.23
748,0,2,43,12,8.44,2,92.96620861833918,0.0889446758351677,99.98729864385358,193.0,6,0,0,71,0,48.28
749,1,4,49,11,6.75,5,66.60712312057412,0.3861835900619249,40.53248668663463,83.0,7,11,0,99,1,25.66
750,2,3,35,5,7.64,3,93.88656001543514,0.0432967546999053,82.88271327978791,195.0,17,1,1,93,0,49.79
751,0,4,48,27,7.29,2,73.0348264324208,0.3435157200541168,39.965771944916554,115.0,12,6,0,58,1,28.92
752,2,0,49,12,8.85,3,63.73318668985506,0.3574140223734942,41.433488829376614,115.0,8,10,0,90,1,25.48
753,0,0,47,17,8.38,1,73.23052451509047,0.2572407830436972,30.02964668823899,71.0,9,14,1,67,1,29.23
754,1,2,23,6,7.4,4,73.33487820608055,0.3752454324221779,56.18412932373776,89.0,8,12,1,99,1,33.12
755,2,4,46,33,5.16,2,79.05632640740446,0.1404265931827445,62.75220371809664,157.0,14,13,0,78,2,37.73
756,0,3,24,5,6.74,5,75.2833072569593,0.1785989751197,69.59609820513776,133.0,19,12,1,88,2,40.57
757,1,3,29,28,8.35,1,75.28688865629164,0.1025210919731713,69.88404108637975,122.0,1,14,1,76,2,37.79
758,2,1,54,14,7.84,2,65.16435530178245,0.3135934269194893,40.45545461769778,66.0,12,1,0,85,1,26.93
759,2,3,56,5,5.7,1,90.52087906927152,0.043604158291295,92.46294734671912,225.0,1,6,1,94,0,47.51
760,0,2,27,33,5.33,5,86.28299414781502,0.1198317284230449,73.56437709758904,178.0,18,14,0,66,2,43.07
761,0,2,44,19,7.73,2,87.74484884832117,0.1490111593716057,69.4758769367467,167.0,1,8,0,83,2,39.0
762,0,3,46,22,6.23,5,64.97611353014344,0.2877269559514601,50.14548015831177,88.0,2,10,0,95,1,27.08
763,1,3,40,5,6.35,3,94.14698118305128,0.0082342163096721,92.13051734101067,235.0,5,1,0,52,0,47.69
764,0,1,26,2,8.31,5,90.09959741204304,0.0937112493921472,92.55239747965412,205.0,2,6,1,54,0,47.09
765,2,3,32,30,8.94,3,76.97632446475842,0.1038368474792752,75.13746468330888,135.0,9,3,0,63,2,38.94
766,2,1,33,4,6.6,2,91.3772830151714,0.0612166220723145,83.33091177187603,213.0,5,10,0,52,0,44.56
767,0,1,31,33,7.45,3,83.2616299128226,0.1447062547520372,60.66623403135566,168.0,15,12,0,72,2,38.73
768,0,3,29,13,7.41,2,63.0130890337293,0.2598893334036223,45.42288181351335,106.0,16,1,0,88,1,28.63
769,2,0,45,20,7.3,2,97.96300185967664,0.0431732823842849,89.05996201659927,234.0,18,12,1,79,0,52.47
770,1,0,49,7,7.55,4,68.95386937247545,0.2600796356128561,37.3414116391989,84.0,2,6,1,99,1,27.99
771,0,1,57,15,8.41,2,67.78480269268046,0.2990466434864109,42.832248096373085,98.0,17,12,1,94,1,31.35
772,0,3,58,23,6.69,3,93.3011179785524,0.0322297473402908,91.15605362418292,185.0,6,4,0,72,0,47.18
773,2,0,42,14,5.67,4,97.397963719361,0.070593661771162,90.6837978361724,185.0,8,0,1,76,0,50.33
774,0,3,29,23,9.53,4,99.92126471352276,0.0089613723995322,82.53124273013518,209.0,19,4,1,59,0,52.28
775,1,3,30,19,8.81,2,97.6424562085238,0.0582553837041994,81.42013560445177,232.0,11,11,0,74,0,47.29
776,2,3,36,29,6.18,5,87.14580202423754,0.1064691682328243,70.9050580368719,159.0,4,11,1,62,2,42.13
777,0,4,39,20,7.66,5,73.34355519394703,0.2581201612603481,47.30884896275023,80.0,2,2,0,65,1,29.32
778,2,3,41,29,8.71,4,93.3063295485954,0.0090318560299073,91.25308239342618,216.0,10,6,1,90,0,50.24
779,0,4,27,24,8.4,2,86.473250861941,0.2237952343514072,61.26179798708192,168.0,3,5,1,83,2,38.63
780,0,1,33,18,8.05,5,97.67278301053648,0.0905373188262427,88.18941483777554,200.0,4,7,1,86,0,48.92
781,0,0,23,10,7.3,2,87.11601167115761,0.1444752356535908,63.02637770963971,165.0,0,12,1,71,2,39.36
782,1,0,28,8,9.57,2,94.01898707955966,0.0575719305331204,91.66772464655496,218.0,17,4,0,66,0,49.45
783,1,0,37,26,7.77,4,76.02272487534925,0.156729202462162,73.49055760582935,152.0,11,1,0,72,2,38.2
784,2,0,24,29,6.88,4,79.33670416459262,0.2456946190459888,62.23934206491563,154.0,12,8,1,85,2,38.26
785,0,0,24,10,8.55,1,91.90383271060972,0.0940946193270654,90.4229781101018,220.0,8,13,0,98,0,46.41
786,0,0,48,17,7.62,5,69.87158405294593,0.3775448104857688,42.58806137266343,81.0,1,10,1,58,1,27.94
787,1,0,59,2,7.92,5,83.26418700457839,0.1945010703169785,76.06296483231463,157.0,4,7,1,51,2,41.11
788,0,1,54,6,7.74,5,62.68788730323106,0.2837312637708544,37.874798291384735,102.0,12,5,1,81,1,27.99
789,1,3,49,5,8.1,3,73.67075886681219,0.3852757474662507,33.69378904496747,79.0,15,12,1,99,1,30.02
790,0,2,22,28,6.33,2,62.57219676478013,0.3068271197275832,55.93710921478382,61.0,15,9,1,71,1,31.92
791,2,4,29,5,5.76,4,67.75370515503108,0.3294662372885197,39.33037386589005,76.0,2,6,1,92,1,27.33
792,0,2,58,18,9.22,5,64.49430136784254,0.2837425065815551,55.457132868813545,89.0,3,8,0,62,1,28.24
793,0,2,53,26,7.8,1,97.76768271350072,0.062584666605061,88.18287575835245,236.0,10,6,0,57,0,48.44
794,1,3,58,20,8.43,5,81.93777966526302,0.1026810296254473,66.35973105137839,149.0,13,2,1,50,2,41.49
795,0,3,25,27,5.39,2,96.09568533898464,0.009106618208218,89.47839521822384,224.0,2,5,0,66,0,47.13
796,0,3,51,12,8.78,2,77.94884411184022,0.2423268757700591,66.37527790154418,169.0,15,10,1,61,2,39.31
797,1,0,27,7,6.87,4,94.03756610478348,0.020774927301219,92.97493874473308,193.0,14,12,0,53,0,49.48
798,2,1,40,3,6.53,3,60.33838492986905,0.295951686280322,49.319595847726504,106.0,9,10,0,62,1,26.85
799,2,0,53,10,7.42,4,85.52626742116867,0.1210096839038404,66.61721769190063,162.0,8,6,0,80,2,39.44
800,1,1,30,34,6.33,5,71.21411540477082,0.3095810956460346,36.15323109443933,111.0,10,1,1,90,1,29.55
801,1,1,33,25,7.5,1,61.88335689204858,0.2759184477823695,40.37157593807843,98.0,15,2,0,56,1,26.92
802,1,2,32,16,7.34,4,61.53696135138566,0.3359541940347583,30.6895243667547,66.0,9,3,1,72,1,25.07
803,1,2,37,2,8.77,3,96.53602952535226,0.0838159201401086,90.50404400461592,191.0,16,9,1,73,0,51.5
804,1,1,22,24,9.32,4,67.34563776930868,0.3332623902156477,51.53126936219314,96.0,18,5,1,54,1,32.82
805,2,1,42,10,9.28,2,93.04367783429552,0.0682493033737148,96.9513809620499,236.0,1,0,0,54,0,46.92
806,2,0,51,22,4.78,5,81.21522944457406,0.2132640950947219,74.26541624611434,166.0,1,8,0,66,2,37.35
807,1,0,34,26,6.38,5,62.35064475242925,0.3129309466790068,44.06660459772299,116.0,5,4,0,79,1,25.44
808,0,2,55,27,4.77,5,73.23164510279564,0.2821687343986242,32.15061406744689,100.0,18,12,1,58,1,31.22
809,1,3,25,29,6.07,5,66.58403867384446,0.3188210431403553,58.525633399951545,118.0,7,11,1,55,1,31.94
810,0,1,49,20,6.72,5,88.1136309733401,0.2240423537626166,76.04410032928165,126.0,2,13,0,74,2,39.85
811,1,0,59,27,7.99,5,66.95413356537449,0.3400021716220953,35.243735891069456,74.0,13,6,1,68,1,28.37
812,1,2,52,20,6.88,1,67.54347114149536,0.3169171460687782,46.37973110484572,85.0,15,8,0,65,1,29.41
813,2,0,48,19,6.91,3,70.00734968983788,0.3595366249405386,44.861766419465994,107.0,0,8,0,70,1,26.42
814,0,1,26,20,7.72,5,68.24521107910289,0.270878170413698,30.098247591496538,115.0,2,0,0,51,1,24.23
815,0,1,46,2,5.45,3,60.97659817236814,0.3120209896182953,43.39156651763421,68.0,17,14,0,59,1,27.28
816,2,4,24,30,6.49,5,92.15022569356184,0.0204593614291775,83.6301592324299,222.0,8,0,1,65,0,47.86
817,2,3,54,34,6.9,4,70.47990605835078,0.3155686410610018,50.45322509714006,103.0,5,2,0,86,1,29.12
818,2,4,25,22,7.26,5,62.63479974351807,0.292791699541132,43.80187422358394,118.0,0,5,0,64,1,24.67
819,2,2,46,3,7.59,2,93.52877350504336,0.0143060682204707,98.49267355195406,227.0,9,1,0,62,0,49.51
820,0,0,41,6,9.3,1,79.1698628770403,0.168387390553317,61.35292763328342,137.0,5,9,0,62,2,35.39
821,0,2,55,15,8.59,4,93.08566497588916,0.0991893483142645,80.77233211224502,181.0,11,11,0,81,0,45.36
822,1,1,47,27,6.58,4,88.37137978631961,0.1289522478108548,76.77209944793452,172.0,3,10,0,94,2,41.25
823,1,4,26,10,7.19,2,76.00031932853192,0.1048690212643414,74.14658028498701,165.0,12,0,0,96,2,39.05
824,2,4,56,9,7.1,5,65.18994919852898,0.2776552357029541,42.849202055070016,60.0,16,0,1,95,1,30.58
825,2,4,49,33,6.88,1,78.69145642033685,0.1097508234116209,67.00870274152624,138.0,7,12,1,57,2,39.37
826,2,2,50,32,7.83,4,83.77049397355678,0.1807119314311081,72.58153182852485,159.0,19,4,1,92,2,43.71
827,1,1,30,6,5.27,1,96.59375187419494,0.0316747183257435,94.99505757394076,229.0,2,3,1,67,0,50.16
828,1,0,59,2,8.56,4,85.66900314815616,0.2458771723239614,60.7135653250636,133.0,11,0,0,85,2,37.64
829,1,0,27,29,9.53,5,73.30252995145258,0.3367723539596288,40.607374049927635,77.0,6,3,1,75,1,29.98
830,1,2,40,4,7.18,4,69.50286376928601,0.2846633383201853,44.76109991899592,69.0,11,2,1,59,1,31.19
831,1,4,32,1,7.15,4,63.74982888782479,0.3776886773049411,34.800683049869534,86.0,1,1,1,80,1,24.54
832,1,3,23,19,7.69,3,66.38030139611878,0.2765562161589859,48.38602225506365,68.0,13,8,0,82,1,29.45
833,1,2,30,26,8.72,5,75.35021212647196,0.1905816984436131,62.76101267039589,169.0,4,13,1,78,2,36.12
834,2,2,42,25,7.11,2,93.64202222649516,0.0209931831673484,95.52303728211244,190.0,8,14,1,54,0,50.67
835,2,1,45,10,8.62,2,91.45110735481605,0.0492078186535646,87.87888529381169,206.0,10,10,0,62,0,46.6
836,2,0,55,15,8.09,5,97.77161196205594,0.0228987185300311,90.53284527050396,208.0,4,0,1,50,0,50.1
837,2,2,43,22,10.33,2,69.1906012454223,0.2527685838309916,54.12475384894516,107.0,2,6,0,72,1,29.5
838,1,2,24,21,7.11,5,94.5107607182486,0.0015366250734723,88.52887611428606,189.0,16,13,1,89,0,51.32
839,0,4,33,22,5.13,2,82.80870662737287,0.1977004158700308,62.927438916988585,149.0,1,12,0,52,2,35.71
840,1,4,49,34,5.78,3,75.42847694871666,0.1424967003060772,69.4740366223653,140.0,0,3,1,52,2,37.16
841,0,3,51,30,7.51,2,97.09895433381452,0.0047865598906107,88.15720051181827,219.0,6,4,1,56,0,50.0
842,2,1,47,25,8.73,4,70.3564992634668,0.2878300075925369,37.5550059176431,76.0,13,9,1,85,1,30.37
843,1,3,42,28,6.72,5,68.22586481009718,0.3030323281306505,43.99109264105241,118.0,4,4,0,84,1,27.08
844,2,4,49,1,7.22,1,88.99489875595621,0.174360069295369,74.6571697908658,150.0,18,0,1,64,2,45.55
845,1,0,47,4,8.32,1,77.83182454438843,0.132090067420157,60.11027160801588,134.0,10,5,0,89,2,36.11
846,2,4,54,7,6.34,5,86.28897393111026,0.1246221610838503,68.40768014525536,165.0,1,12,0,52,2,38.59
847,0,1,42,9,6.77,3,88.42661595619971,0.175360419022019,77.42259623135155,130.0,7,8,0,78,2,41.71
848,0,4,56,19,6.1,2,65.05046843077292,0.3503996768054108,48.34520478084492,68.0,8,1,0,79,1,27.31
849,0,1,55,1,8.91,3,90.08814833294473,0.0716127640476737,86.8887657685702,188.0,2,6,1,88,0,46.17
850,1,1,39,10,9.35,1,79.74510707911837,0.2229000628448291,62.483266821217946,172.0,1,5,1,67,2,36.46
851,0,1,32,9,5.6,5,62.7465284971317,0.3507187046950542,37.32050462895915,105.0,6,4,1,60,1,26.02
852,1,1,44,32,7.33,5,69.78892148552328,0.3467190403691124,41.9134686088559,91.0,4,3,0,92,1,26.69
853,0,1,43,32,9.19,3,90.66797077262171,0.0942343507671357,99.72633684544026,213.0,4,3,1,98,0,49.09
854,0,0,38,6,7.98,3,60.89475849328797,0.2748991691012687,38.72761601593606,62.0,19,5,0,87,1,27.09
855,1,3,26,17,6.91,2,95.95926812116734,0.0644365700492567,95.15019645637013,214.0,12,3,0,89,0,49.66
856,1,2,32,10,5.64,4,92.56150885173749,0.0254609329295305,98.97727691789594,211.0,19,4,0,50,0,51.2
857,0,3,51,27,8.88,4,87.45629468696279,0.205045953082571,63.832299289989486,139.0,5,12,1,78,2,40.01
858,1,1,36,21,7.93,2,84.33058274475187,0.1202080667635995,67.75183818592215,139.0,19,5,1,59,2,43.51
859,0,0,48,25,5.73,4,76.8000816511563,0.204619190084009,69.61838968572673,123.0,17,4,0,77,2,38.37
860,1,4,56,28,8.93,1,79.80221667100835,0.127637421174165,62.02250418782905,138.0,1,6,1,80,2,37.33
861,2,0,54,15,5.58,4,63.20519270595224,0.2682434336020141,40.53838190353167,112.0,5,8,1,68,1,27.43
862,2,1,41,4,7.24,2,95.48951741357828,0.0796656734991143,80.87531694396637,186.0,8,9,0,52,0,45.7
863,2,0,37,29,7.18,4,98.89931055890098,0.0650878837495777,89.50493053174401,213.0,2,6,0,85,0,47.41
864,2,0,55,9,9.44,5,65.6236679598626,0.3698610129229294,45.15822067451273,64.0,0,6,1,92,1,27.05
865,2,1,23,27,7.19,3,76.80338303268184,0.2282971696544407,71.16088811206066,169.0,0,3,0,64,2,35.06
866,0,0,56,26,7.18,1,96.7504662228992,0.0979103394252273,94.239059761311,220.0,18,0,0,82,0,50.59
867,2,2,49,19,5.86,5,98.57327823533552,0.0104472985815936,88.9859164179251,208.0,4,13,1,90,0,50.15
868,2,2,27,28,6.73,5,95.56798384373172,0.0708728579904899,82.68862165671467,194.0,12,7,1,92,0,48.98
869,2,0,30,17,6.52,2,82.79476207856487,0.1616882781865493,68.74640740045197,131.0,18,3,0,94,2,40.63
870,2,4,41,20,6.58,3,91.08145942337198,0.0506501201036925,81.71621543418878,236.0,11,0,1,75,0,47.46
871,1,1,22,23,7.51,3,62.74802080200307,0.2807582640128254,48.72702757438994,115.0,15,4,0,65,1,28.81
872,0,2,29,32,4.58,1,65.16068913497604,0.2598763246762982,48.04284080103463,76.0,18,13,0,85,1,30.19
873,2,4,44,33,5.69,2,73.86371895620499,0.361650526423255,51.448008200669214,62.0,2,13,1,82,1,31.26
874,2,0,24,5,7.37,1,94.49725410592106,0.0543762455918655,82.00463756352572,183.0,11,7,0,69,0,46.48
875,2,4,25,34,7.65,4,90.81427688706935,0.0435840368872726,91.11680975366995,217.0,4,3,0,62,0,45.92
876,0,3,46,11,7.22,5,68.40283565929613,0.3270479007731994,50.14171724708095,78.0,1,12,0,82,1,27.51
877,1,2,59,3,7.45,1,69.02774034428275,0.2851673273212059,51.21663038668719,117.0,6,11,1,54,1,31.35
878,0,0,36,33,7.01,5,71.97680336574341,0.2637844138115659,54.199172231859194,113.0,12,7,1,86,1,34.24
879,1,1,42,11,7.48,2,94.81539447696576,0.0531391793138437,86.05495140942465,189.0,14,7,1,63,0,50.0
880,2,0,56,16,8.02,4,63.02313485628189,0.2691780726863043,39.05977103270932,83.0,2,2,0,76,1,24.46
881,2,1,35,18,8.01,2,96.67973060822185,0.0538194371684403,95.84338272455928,183.0,19,8,0,72,0,51.51
882,0,0,57,30,6.67,4,83.52261655181374,0.1617673041228662,69.00236026424264,159.0,4,2,1,63,2,40.11
883,0,4,33,10,8.6,4,73.0119604303712,0.2730427830256526,35.220523306473396,72.0,7,0,1,89,1,29.65
884,1,4,38,18,7.69,5,84.11847856116735,0.1303693275458247,76.91218758988637,137.0,0,1,1,53,2,41.37
885,1,4,30,19,8.98,2,96.19966291462832,0.0535614781874331,81.20440728890472,239.0,7,14,0,88,0,46.06
886,0,3,56,13,9.22,2,83.52911727877097,0.1412362506223361,73.61915661728804,149.0,17,5,1,68,2,43.83
887,1,1,34,3,5.77,1,84.4994397502209,0.1015110492989847,69.13935681620877,139.0,19,11,0,96,2,42.02
888,0,4,36,10,6.47,2,92.14753665825084,0.0834473743462628,88.4058052010851,217.0,15,9,1,53,0,49.58
889,1,3,39,1,8.48,1,63.221202717880026,0.2883971138264496,30.92852354626408,62.0,17,1,0,79,1,25.69
890,0,1,54,27,5.5,3,62.9244444980078,0.3662719116592892,42.5593259044618,66.0,19,5,0,68,1,27.55
891,0,0,27,8,9.2,3,75.7851223696914,0.1887145238348516,76.30787936963391,155.0,11,13,1,80,2,40.37
892,0,3,48,17,7.09,3,90.2027997376742,0.0622315356454264,93.2335012143506,190.0,12,0,0,80,0,47.56
893,1,2,44,9,8.19,2,73.52392292380448,0.3867659922758049,57.52594464812128,70.0,12,10,1,58,1,34.12
894,1,3,48,6,7.36,2,75.8138730743756,0.2393674529036988,64.22789983937149,130.0,9,12,0,62,2,35.05
895,1,3,55,25,5.83,1,93.50071312274952,0.0260555965986448,90.93832585564442,199.0,6,0,0,63,0,47.26
896,0,1,59,28,8.77,4,76.13185522300556,0.2312399986525973,76.31627392462694,178.0,13,4,1,95,2,40.46
897,1,0,35,33,10.8,1,62.27715395266969,0.3111610370394579,54.10005308490789,61.0,15,9,0,59,1,29.42
898,1,2,57,9,6.88,3,64.41078357046116,0.3285508599998478,44.07579876493196,70.0,14,12,1,97,1,29.68
899,0,4,29,18,7.11,1,98.91455064556372,0.0165877924662535,82.99017279041392,217.0,11,10,1,80,0,50.4
900,2,4,56,21,4.32,4,69.20491921978919,0.2791928881486847,41.330805825384104,81.0,8,8,1,86,1,29.87
901,0,3,40,2,9.12,2,94.11555746545028,0.0158757915112083,98.45362868013224,237.0,7,13,0,72,0,49.27
902,1,1,51,15,8.59,1,81.27380179251223,0.2406288980139374,73.99647796915701,147.0,17,7,0,76,2,40.24
903,0,1,35,28,5.42,3,84.85997977830985,0.1379213366947473,74.41669768282483,140.0,17,2,0,55,2,42.42
904,2,4,41,18,5.02,3,98.78697583826076,0.0356888662280401,85.9977148011161,219.0,12,14,1,75,0,50.97
905,0,2,46,34,5.16,2,87.68536429501296,0.1196089774850912,70.85591542371398,144.0,17,2,1,51,2,44.74
906,1,0,45,22,8.27,1,69.4975040496827,0.3490798623154729,47.82464174911169,68.0,14,14,0,94,1,29.75
907,2,2,35,11,8.39,4,77.44924419167441,0.1894578127604844,75.87815915666116,127.0,3,0,0,62,2,37.17
908,1,0,47,13,6.39,2,87.97390506074727,0.204798547012186,64.88636558446412,125.0,16,13,1,99,2,42.57
909,2,4,59,4,8.1,1,68.23347277538797,0.3876276952824355,45.84915127714011,78.0,4,2,0,68,1,26.6
910,2,0,44,22,7.69,5,64.40699873203741,0.2578523150214403,57.51102857349038,102.0,15,14,1,50,1,33.29
911,0,1,43,7,7.06,3,98.69690201259546,0.0675891888708293,99.87270896985883,222.0,8,13,0,89,0,50.6
912,0,3,40,24,8.66,4,67.17763301260337,0.3513620140520765,57.84731743084168,74.0,9,11,1,81,1,32.04
913,1,3,24,4,6.05,4,66.52824185974657,0.3790977831081425,45.13287352354862,88.0,17,11,0,71,1,28.63
914,0,4,40,28,8.88,4,73.03773278361874,0.3096817881216053,57.63746910517284,109.0,16,11,0,97,1,33.59
915,0,1,30,15,6.63,3,90.50520226672334,0.0665849364600128,81.43358759350669,182.0,17,12,1,78,0,48.25
916,2,2,49,1,9.64,1,94.60326984777834,0.0566466605979634,82.98769093542455,236.0,6,10,1,51,0,47.71
917,0,1,41,3,6.29,2,61.30835477736429,0.3560229167515216,44.18941456760911,60.0,3,0,1,89,1,26.3
918,2,3,28,14,7.08,1,90.02454586443844,0.0415711309149848,94.5663102098747,201.0,4,7,0,87,0,46.39
919,2,3,35,1,7.57,2,61.31837577546132,0.2900994322544015,48.2832906200303,103.0,15,0,1,97,1,30.19
920,2,1,30,21,7.56,4,99.241479491367,0.0775315753880376,91.4885696600629,231.0,2,4,1,60,0,49.79
921,1,1,40,29,8.09,1,92.5922548714516,0.0122338575962141,98.8480572951398,218.0,17,8,0,66,0,50.92
922,1,3,35,5,5.96,4,69.98239483204735,0.2560417244103082,41.20605129308686,74.0,13,6,1,92,1,31.31
923,1,2,59,10,7.46,5,91.68385298303056,0.0767495833509307,94.98893575867731,211.0,14,3,1,57,0,50.62
924,2,4,57,28,7.67,4,84.16470094115877,0.2203433224545531,78.7758663618125,129.0,16,10,1,71,2,44.05
925,1,4,38,21,6.87,4,81.29080273502551,0.1633438169253747,64.79866035412098,153.0,0,8,0,53,2,35.78
926,1,1,51,7,7.98,2,70.0470382087984,0.3632468099723744,32.58029054021081,97.0,16,8,0,60,1,27.14
927,0,4,30,3,5.88,5,70.08935014444195,0.2572825640813295,48.884576936374955,109.0,10,1,0,57,1,30.28
928,1,3,54,20,7.11,4,75.68777651448593,0.1502115297699043,69.6764908229186,146.0,16,9,1,58,2,40.4
929,1,3,46,19,6.6,4,82.7284532617579,0.1536064605171943,78.3538811057582,121.0,13,9,0,75,2,41.6
930,2,1,35,4,7.11,5,60.63770218351493,0.2950340667312079,45.40217325378051,95.0,19,10,1,51,1,30.16
931,2,1,32,5,9.24,5,95.47811584724802,0.0743299172306979,84.33886450814671,223.0,18,11,1,65,0,50.46
932,2,1,56,1,9.26,1,77.18286510269039,0.1662772130760785,69.62105699436898,164.0,6,5,1,80,2,38.68
933,2,2,35,4,9.02,2,97.18441474735542,0.0392029534803591,98.0985903396363,213.0,12,3,0,55,0,50.87
934,2,4,51,12,6.95,5,76.47338657308714,0.2153425700739094,73.08391874360497,126.0,17,7,0,70,2,38.86
935,2,1,25,27,8.59,5,97.94552294421706,0.0040013130535124,86.6461982147992,182.0,13,11,1,75,0,51.35
936,1,0,25,23,7.63,3,82.51280466022526,0.2436973080413649,71.18198794647391,124.0,0,10,1,68,2,38.6
937,2,0,49,25,7.55,5,85.2388313325938,0.2483999930242413,65.17840530996756,139.0,6,6,0,77,2,37.38
938,2,3,29,21,7.41,2,60.64463224062858,0.3029536404037983,58.110198894810765,94.0,7,6,0,57,1,28.23
939,0,4,23,24,9.61,4,91.04075956418248,0.0789333482340552,90.64661205174204,189.0,17,10,0,63,0,48.13
940,1,1,43,25,9.14,4,72.56869008526863,0.3279164526331648,43.53751627411768,92.0,8,9,1,73,1,30.84
941,1,0,37,32,8.39,4,90.30397414811526,0.0433622586901673,91.39023738688844,192.0,0,8,0,97,0,45.02
942,1,4,50,32,7.3,4,86.41992978002902,0.160489063183373,77.77536525072355,164.0,16,12,0,93,2,43.14
943,2,3,51,5,7.55,3,81.15024581259196,0.2119123234859339,63.89122897384417,170.0,18,4,0,86,2,38.68
944,2,2,33,16,8.14,5,69.04753524720067,0.2552125122601069,55.77764394843115,112.0,5,5,1,75,1,32.36
945,2,4,56,33,6.87,4,86.69749701775433,0.1598712491640927,68.51090592636612,125.0,2,0,0,80,2,38.56
946,0,4,32,21,8.63,1,94.1051664036255,0.0866128752292316,94.84841023742796,221.0,4,5,1,81,0,49.23
947,2,2,42,9,6.39,4,84.50429525346836,0.1844797138672241,63.08236185083344,121.0,1,1,1,99,2,38.37
948,0,4,42,6,7.97,5,92.55984953790778,0.0660647889138567,87.29083940177773,202.0,19,5,1,90,0,50.45
949,1,3,26,22,4.75,4,70.73817541973077,0.3912961648215385,36.26946864224379,73.0,3,8,0,51,1,25.19
950,2,3,41,5,6.84,3,75.28304528206917,0.2006140032567301,68.91636328428459,163.0,9,7,0,74,2,36.23
951,0,2,58,23,9.99,2,60.19919513220832,0.3673135021935415,53.55658560728095,75.0,9,8,0,93,1,26.93
952,0,1,24,17,8.74,2,96.09505122449433,0.0367832224320956,88.31322003000898,227.0,10,12,1,51,0,50.22
953,2,0,54,12,9.34,5,96.21384608073828,0.0178484074347084,95.1376721530607,229.0,15,14,0,91,0,50.81
954,1,1,30,23,6.7,2,69.2781139271545,0.3508157600520647,37.313659681409625,74.0,16,9,1,50,1,29.97
955,1,4,30,16,7.62,2,87.6307200617133,0.1017856703271775,69.47177475879208,157.0,15,7,0,85,2,42.23
956,1,0,25,3,9.04,1,67.47539165708908,0.2592520444379643,36.05363058956025,107.0,6,2,0,61,1,26.11
957,0,2,56,30,8.26,5,68.7630625158819,0.3125273859240103,48.05208062248066,114.0,15,7,0,58,1,30.16
958,0,2,38,22,8.11,5,99.43633670648497,0.0693466905964027,98.80802744524372,231.0,2,5,0,85,0,49.4
959,0,0,55,9,9.46,2,65.21240730883972,0.2920079808424834,37.93731825516928,68.0,15,12,1,90,1,29.26
960,0,3,45,29,6.25,2,60.431011964050455,0.3585704164945785,56.25859207198505,112.0,7,5,1,77,1,29.24
961,1,0,53,23,7.28,2,95.6906699824209,0.038258882367092,86.51660039874788,198.0,11,5,1,87,0,49.91
962,2,4,22,13,5.4,3,61.269269239130736,0.3500867242949859,38.21853314254722,68.0,2,2,1,82,1,24.95
963,0,3,29,32,6.19,4,70.42180599649794,0.3751566795484612,40.19741422679761,63.0,16,9,0,91,1,28.64
964,0,2,44,23,8.79,3,96.21629578043212,0.0128229947303774,85.30361750260646,215.0,17,0,1,95,0,51.29
965,1,0,33,17,6.4,5,85.3531432641989,0.2175457453221755,65.7349432847028,137.0,10,11,1,71,2,40.63
966,2,1,33,21,8.38,1,78.18008724371725,0.1584439026037015,71.52269773532737,141.0,3,13,1,74,2,38.83
967,2,1,36,2,9.49,4,99.8797532097737,0.000808467653001,88.74978881726265,235.0,15,3,0,67,0,50.8
968,1,4,40,6,7.29,1,78.19663171230634,0.1037213995063848,67.29170467675685,172.0,16,9,1,55,2,41.15
969,1,1,47,18,8.12,5,62.52834691066613,0.2557650089202045,37.97657898273451,82.0,8,11,1,67,1,27.43
970,2,0,50,30,8.39,5,64.11446116479044,0.2585352220746432,31.522273334637863,109.0,5,5,0,65,1,24.0
971,0,0,43,22,6.03,1,81.01186301593155,0.1661931704199915,61.246931911379065,169.0,19,10,0,64,2,38.76
972,2,1,42,33,6.76,1,61.42707327535652,0.3240359189903471,50.199864864285416,114.0,1,11,1,97,1,27.48
973,1,0,59,30,6.3,1,94.2358582687908,0.0702627106323652,98.85544002210554,208.0,8,9,1,57,0,51.03
974,0,4,41,17,6.86,5,83.91058991970135,0.1590826952412425,65.6692297576679,120.0,5,1,0,62,2,37.77
975,0,3,50,32,8.36,2,91.10586343963956,0.0627732735562265,83.73492569194654,226.0,2,6,1,92,0,45.95
976,1,4,25,14,6.79,1,81.45961667155807,0.1694139911340959,70.33217140128755,154.0,19,6,0,56,2,40.67
977,1,4,28,10,7.46,4,75.27045764948076,0.1753018936599625,71.17784761823123,138.0,5,10,1,66,2,38.12
978,1,0,49,34,6.25,5,96.68365226590431,0.0228177717129171,86.34744666134904,232.0,6,3,1,99,0,49.34
979,2,3,49,9,8.97,3,93.51143690556812,0.0361099640626466,97.0442841344596,228.0,0,3,1,81,0,49.2
980,2,0,25,28,6.85,3,99.7097532986006,0.0983080445953,91.59315927352633,218.0,0,14,1,71,0,49.34
981,0,2,43,11,9.33,4,93.28509054337864,0.0952451263146385,80.4975176402921,211.0,4,0,1,62,0,46.02
982,1,0,33,14,7.57,2,98.29195141015938,0.0399832459350205,80.68089012400529,187.0,5,12,0,96,0,46.3
983,0,0,24,19,5.81,1,79.23671199114644,0.1918470077270383,68.32832273667272,134.0,12,1,0,72,2,37.97
984,0,0,43,15,7.29,5,83.31316443181596,0.131207432233765,66.15316684458305,156.0,1,8,1,78,2,39.18
985,0,3,23,28,6.22,1,99.32681902360504,0.0264492873347478,82.99788590656317,237.0,14,9,1,71,0,51.03
986,0,0,45,24,8.21,5,85.68284845268259,0.199653092898908,64.67092841592984,146.0,14,7,1,50,2,41.5
987,1,3,55,8,7.19,3,64.20042672833695,0.2922479514526696,47.522945799632126,94.0,12,7,0,78,1,28.28
988,0,1,48,9,7.7,1,70.71767695739042,0.2603700003726234,34.273567662492425,105.0,13,8,0,97,1,28.11
989,1,2,22,33,7.06,4,73.52108142149754,0.251235436238794,55.51189545874626,85.0,6,14,0,54,1,31.88
990,1,3,29,33,6.83,2,90.53413763249549,0.0615126582550311,80.94797155862328,231.0,13,6,0,84,0,45.43
991,2,1,44,19,6.33,4,69.89968859522133,0.338150357720989,39.22024056149786,99.0,9,12,0,59,1,27.27
992,1,3,59,3,8.5,2,92.23938433309696,0.0853145316558591,85.08070796895016,220.0,16,8,0,68,0,47.13
993,2,3,27,10,7.29,1,98.34277899055456,0.0308792029800595,88.20327538461275,181.0,13,9,0,86,0,49.51
994,1,2,43,1,7.12,1,94.32851106795673,0.0197670936874268,90.9696717149825,229.0,7,11,0,56,0,47.79
995,1,4,46,29,7.26,2,96.4513712393572,0.0282366067552057,85.91198249969757,228.0,3,1,1,95,0,48.53
996,1,4,39,34,6.69,3,61.9920070605531,0.3562717379705253,31.96985992246196,91.0,15,5,0,84,1,24.47
997,2,3,38,13,7.13,5,97.36685875869364,0.0297317709512046,81.17125421040957,206.0,12,14,0,94,0,47.63
998,2,0,33,1,7.75,4,99.44835453020735,0.0779608642542465,92.042036602547,194.0,19,2,0,62,0,51.34
999,0,1,27,34,6.26,4,76.82908364375308,0.1959896031175787,74.67089429836919,168.0,17,10,0,59,2,39.49
